Temparature,Humidity,Soil Moisture,Soil Type,Crop Type,Nitrogen,Potassium,Phosphorous,Fertilizer Name
27.49080237694725,78.02857225639664,59.2797576724562,Black,Maize,17.959754525911098,19.67983561008608,19.680559213273096,Urea
37.3235229154987,64.04460046972835,58.32290311184182,Loamy,Paddy,0.6175348288740734,39.97327922401266,44.097295564859834,Urea
23.668090197068675,52.169689718381505,50.990257265289515,Loamy,Paddy,12.958350559263472,33.35558684167138,23.736874205941255,Urea
39.47511037682918,49.31085361721217,33.62425738131283,Sandy,Maize,18.55158027999262,44.49692657420364,26.47385973801488,Urea
37.19880813472641,67.21230154351119,48.01997007878172,Loamy,Wheat,0.39794883479599585,31.89864653536618,43.266052670545584,Urea
20.319325044404284,49.23575302488596,39.64101864104047,Black,Tobacco,20.497905564763748,39.99584735208493,33.299899733478625,Urea
27.821212151464817,47.28944351152249,60.2144564127061,Clayey,Barley,12.75467623473734,32.03100983459974,21.238249886045665,Urea
35.502656467222295,77.57995766256757,65.79309401710594,Red,Wheat,17.936999364332554,17.654775061557586,42.6562270506935,Urea
39.22344048698698,73.78135394712606,59.892804405495234,Red,Paddy,16.190763971672393,43.95765921792414,32.602534969915446,Urea
25.519983640450867,51.850940228163296,36.6106775625201,Black,Maize,0.46909220223581793,26.84644554526709,27.70204442119109,Urea
34.13714687695234,69.1602867216395,60.85081386743783,Sandy,Paddy,2.2213395520227106,18.47607178575389,25.753971856328178,Urea
26.617960497052984,42.54233401144094,42.43929286862649,Black,Maize,9.75549966080241,34.12672414065639,36.888185350141924,Urea
29.444298503238986,44.78376983753207,58.5297914889198,Black,Wheat,22.823551458506923,38.12901539863683,31.83831592708489,Urea
34.21325779371575,44.43563283247325,47.5734600746308,Clayey,Paddy,6.051576070061886,29.261106695463354,41.87290787020558,Urea
38.15132947852186,49.971689165955,46.41531692142519,Black,Maize,22.666534156291462,17.30939729486379,21.863944964748676,Urea
23.22442574508009,77.18790609370292,62.32481518257668,Red,Paddy,19.002112695312704,39.110162306973436,41.143817705631534,Urea
37.85117996979956,61.57368967662603,62.2976062065625,Sandy,Maize,26.8827389977048,18.301557735830304,24.540104249155917,Urea
28.542155772525128,72.72059063689971,64.42922333025373,Clayey,Wheat,0.2085639159357211,27.52233009446337,30.32241907732697,Urea
22.397307346673657,53.50460685614512,67.71638815650077,Sandy,Tobacco,9.696087960622657,36.090568766855334,30.563718652300985,Urea
39.435641654419214,78.49789179768445,40.07129183301457,Sandy,Maize,14.917455176771563,23.545214831324028,24.026349294503092,Urea
32.19128667959794,60.10716092915446,32.05915004999957,Loamy,Millets,8.359393927098344,22.186856720009175,42.24797657899961,Urea
29.78905520555126,79.42601816442402,39.68221086046002,Clayey,Paddy,20.164066422176358,22.12912631977199,37.84858845986153,Urea
39.66846281789686,55.952977697782124,62.65727492877536,Clayey,Maize,23.950353749536532,30.24596330222156,19.521526318962884,Urea
31.817858863764837,67.1025744736913,30.663513157114245,Red,Wheat,15.36279174897843,34.35518371228349,21.79487325593814,Urea
33.81875476204932,55.469413852021496,67.46919954946938,Loamy,Maize,4.1256283243797975,18.40420563721767,25.231990531507755,Urea
24.571000435945994,46.99819708383745,69.28673373317741,Red,Millets,15.499076738130428,44.887610992737734,22.82487524491227,Urea
38.00836114326661,65.32405829093072,43.56119164194803,Sandy,Paddy,10.476287238379827,41.913307798577314,36.77867036610718,Urea
21.682799299900978,46.46514856378455,65.94216754108317,Black,Wheat,18.1928717897877,18.044146285980965,15.27591154849889,Urea
20.101231676924375,46.432322056699945,51.949351574663446,Sandy,Paddy,20.756855930780798,21.728079283816793,34.55883778507801,Urea
24.744981749936002,53.01598792637071,59.85965620472096,Sandy,Paddy,19.48898697141644,34.7283867690103,40.47670231482534,Urea
30.1762815367752,65.4533047274358,40.01847274422337,Black,Maize,17.696125426816316,29.602264588783655,44.36678574825027,Urea
35.89622607083297,60.10548372420769,53.07615538505436,Black,Paddy,14.775530814565917,36.67356345784516,20.857289633941335,Urea
20.486319328629076,65.81889183628671,37.084427176281956,Black,Paddy,28.21375753058743,42.44593170661346,43.617857310077625,Urea
20.30913233057735,77.13274250350901,47.12736593269257,Clayey,Millets,28.999644571310085,40.5902836640208,43.90859931267758,Urea
23.81822062300692,50.738994275606274,49.41119497105262,Black,Tobacco,11.180606012821478,40.32639422178934,26.84074400428417,Urea
21.943529875415372,64.6002890679668,69.60215400417053,Sandy,Wheat,4.202520457095721,41.32119215783867,30.5498895709121,Urea
22.732426628840578,68.35643987640475,52.11279907631631,Clayey,Paddy,8.895304309433955,22.68620830783374,27.593425693388294,Urea
30.226847977218757,60.060651787487984,61.931807158671006,Red,Maize,19.498917923332954,38.873780083083034,36.059006317731104,Urea
26.759903137030715,55.02331810559776,33.75927759363476,Clayey,Tobacco,17.34840422988522,28.967940543973803,16.078268213902263,Urea
31.816665211380215,41.220009997561974,31.493927549968575,Sandy,Millets,24.678016819789747,18.811815379556542,25.805719242337886,Urea
25.43085831639484,78.61007321563079,48.29060646454914,Black,Paddy,25.26069225035944,27.340617151700357,20.83140101984619,Urea
22.654908444859394,78.78147468456636,58.58380416719808,Loamy,Barley,1.2320255030362737,28.005622127422264,26.964627043343835,Urea
20.50701486830915,78.505936587117,63.439204820488236,Sandy,Barley,20.87922618281094,20.19882960212537,27.268588332428095,Urea
24.795747183148066,43.75493160325167,37.31463988429229,Clayey,Tobacco,28.03841992019129,30.500887722797,34.14811781530051,Urea
34.60078633123637,41.908645107665954,52.64148841976305,Red,Millets,4.759393429274731,25.256390001492047,18.604939434169264,Urea
21.8831397653712,52.45653237565177,69.18042114486033,Clayey,Paddy,5.259908096680156,37.90093269011733,15.514833054952508,Urea
23.464037398200304,57.35406596951892,45.94018937589494,Loamy,Barley,18.475502941566493,16.359120293161336,34.052809526029314,Urea
38.66872616158966,60.04159535661037,51.5750979360025,Loamy,Wheat,20.518913081944234,43.31674813682271,33.47553493169741,Urea
37.343978671100075,65.45614389784045,62.03797178729599,Clayey,Maize,20.31505027148945,18.855010597017305,32.201011250158004,Urea
36.41278951487911,65.03758680406291,62.817073750850724,Red,Tobacco,19.54454315573364,23.218833819634014,21.20053079630236,Urea
20.364436513030995,43.77771843023714,57.320270936654275,Loamy,Tobacco,2.13565945380687,40.34625932908364,24.569268908812838,Urea
36.28936965177871,51.274190990936,34.726593104866254,Red,Wheat,20.902114960924518,41.32416040581159,33.86828540339652,Urea
36.06961860769697,51.28138290285226,37.09758175118891,Red,Barley,22.51844254922575,44.7151542600202,39.20504217801792,Urea
25.000328984322095,63.22176049375639,64.68466428838889,Sandy,Maize,16.856000764313208,35.39534339700737,22.157905793710206,Urea
22.062477376718654,76.10211626718267,50.21009489791429,Sandy,Paddy,24.793723983232248,41.86569685488601,24.601488030918354,Urea
20.216753029605968,76.21527905677056,33.65146707144534,Black,Barley,9.579409127712445,43.51821440812668,43.50185901152415,Urea
32.63674424339598,57.937820879132786,41.72843086792258,Sandy,Millets,9.859936361097478,37.5712358831304,35.175553682311154,Urea
38.61858211374585,78.9699283413764,69.83724968121317,Black,Barley,1.6761346403205013,31.37747310494967,37.111066703730266,Urea
39.3730388794827,67.52120040700156,63.47855496949495,Loamy,Wheat,26.00606115932524,27.782744251408232,40.15442291291955,Urea
36.437201185807126,68.24968908625985,33.25395122567599,Sandy,Tobacco,2.5451314225557575,26.22812387268361,44.59918735503526,Urea
36.25599134515005,77.88994309535434,69.44004255291483,Clayey,Paddy,22.601345557768248,17.505021500960062,26.287787565927474,Urea
31.1680849947161,56.96888036987905,66.25417540378945,Red,Tobacco,3.3359244691845404,15.340609343022573,29.778753128725775,Urea
21.126065513636746,44.752716650722874,34.701049871084194,Sandy,Paddy,19.476309063481906,32.50106295291479,37.3813463779627,Urea
25.714241725637216,74.7439651275784,38.9438335407781,Clayey,Millets,28.89667618321834,44.09636480122917,15.36463424069449,Urea
20.868015665963455,76.98573320894384,66.76462861114638,Sandy,Wheat,7.589705039677233,17.26303641269308,35.862333693199425,Urea
33.914973779692346,58.18164259071093,55.10232320336254,Red,Barley,17.529429357693008,16.363391410243736,42.034740314729675,Urea
39.008229681531176,75.61055135563666,48.22627011142852,Loamy,Barley,18.603977934046103,20.64363479171284,23.32143548943398,Urea
24.587894914098992,50.63751699856956,44.41380380821073,Sandy,Wheat,7.798495885627881,15.969478533289514,28.59722540486493,Urea
28.224134417443725,64.11127528093195,40.8383057006052,Black,Millets,3.995553756712491,43.215954814061504,17.286011387974895,Urea
32.2683039187158,56.729721451624755,67.30913933416053,Sandy,Tobacco,25.98191668501225,15.79100923491756,16.356560103185682,Urea
36.21106661563665,79.49104517259778,36.01667564414113,Black,Wheat,17.823921460564055,44.09743193443809,26.426725698930646,Urea
36.76657409422276,58.74772639179881,46.592780093506605,Sandy,Millets,8.202212157921187,40.9416712876516,16.691264899527813,Urea
39.99435346572261,79.86547348295622,52.2172682241051,Sandy,Millets,23.069622455415313,40.48942172032234,43.34297189647284,Urea
29.01088270620187,45.1663766060598,68.1620410903489,Loamy,Paddy,18.1852390335264,35.15102053217571,21.85928416510388,Urea
25.373449640506145,40.88738968121206,49.926607465835716,Sandy,Tobacco,14.286320903670426,24.233317193131484,39.94114470187503,Urea
39.35947530879646,43.536328934625864,61.67271357878532,Clayey,Millets,17.69867691412908,27.616073359952253,29.401379010554255,Urea
32.78722713948485,72.20178670077448,66.12604234706505,Loamy,Tobacco,18.51791136291876,33.24263548625656,44.41388175277133,Urea
31.096312170844513,43.64008364205321,59.05588130600913,Loamy,Maize,16.423389206973347,42.31413835209819,28.527313422483132,Urea
33.95283742986926,71.85887102695509,48.373872317846896,Clayey,Barley,25.26274245056129,16.987079335555975,38.067532239461926,Urea
32.416113688441826,53.89653632901657,38.36523164314057,Black,Tobacco,17.38949803415215,31.1179025014221,25.24689631369635,Urea
33.95335147393864,47.20269089397194,57.86005864908316,Loamy,Millets,12.349836430725844,30.457081645926326,41.229528145632514,Urea
23.845780376173416,41.63474465065916,36.75740252288658,Sandy,Millets,8.35771017095876,17.661076012711668,20.310314528302406,Urea
29.215575360654515,48.2533487362317,44.57079444192302,Sandy,Wheat,15.102518125645707,16.179364195232967,35.71184485888096,Urea
33.75569434192166,60.46628054189045,36.27910730864775,Sandy,Maize,11.318578957262178,41.04903321106761,15.077850731509397,Urea
23.690420387127546,48.37397293346841,44.81888411165528,Loamy,Millets,14.53568955573064,26.067409187093173,33.54764314590888,Urea
21.24682725022483,45.909563676249064,35.32467714349913,Red,Millets,20.61496516209993,37.48848696025762,40.33322017900886,Urea
37.344299621494464,54.16586683172502,45.8865533001633,Sandy,Wheat,3.146074995974427,20.46851635427874,37.12215618281458,Urea
24.22896013993089,53.09989408711658,34.79048527277005,Black,Wheat,26.715818422196847,35.37306957433469,32.80777360662146,Urea
29.968843978581145,43.47681152349695,51.48426167274191,Black,Barley,17.605233540626372,27.94978638689038,37.3631842255299,Urea
25.67551811597449,54.5232918559454,55.836689653264045,Clayey,Wheat,17.123349140067358,44.59545746378939,25.68290177693539,Urea
24.74453583471989,44.071298904816146,36.114365567373284,Sandy,Maize,7.378731851535244,20.59701072153917,19.82044119778667,Urea
30.490227791405093,56.41587307958646,69.29514467634425,Red,Tobacco,3.3611670650415704,44.08411299826106,26.935667971372247,Urea
39.50134325890285,59.629951170351376,58.91584386487103,Loamy,Maize,24.625844194600578,31.051101961347317,36.55371812509661,Urea
36.771651174052494,48.20310240597836,68.71976266016938,Red,Wheat,21.328574365102448,37.08741551095464,20.985207820149594,Urea
32.21240084883265,51.54522212961023,53.24952885690449,Sandy,Tobacco,4.630881458226069,30.977682976547577,29.434203055644524,Urea
26.732085563878414,45.376587077558966,32.53499881891071,Sandy,Millets,29.698806971698357,39.29623337563905,24.67061534924169,Urea
20.054217988286595,44.66784256566725,48.92664804207569,Clayey,Tobacco,18.18305643167516,18.20097750340308,38.82868349899387,Urea
34.91949051097436,56.340731717436675,67.31752268399819,Sandy,Tobacco,29.72788429372172,26.37685754891401,21.150054301597116,Urea
20.961892879281756,71.2605792700566,63.117635487099676,Clayey,Millets,22.515057742959407,39.753980300783915,38.986113927585464,Urea
24.713834921299995,65.35034254880709,66.31464521850063,Black,Millets,9.485897468894839,35.48946190251397,32.649200273851704,Urea
26.02755748328284,69.90437520705004,50.10881560369917,Clayey,Maize,6.96638085440452,26.516736641196342,41.987237198237054,Urea
30.85698621226818,57.2611257254577,43.31263143649937,Clayey,Wheat,21.916474104279043,20.001922799801495,35.81152822210015,Urea
30.66922183952643,75.7557033220383,61.54388844898123,Sandy,Tobacco,4.550246391982535,22.45467419443397,24.351662033866447,Urea
24.090891863389267,68.56256328894457,49.75925948523451,Red,Millets,22.639058755803497,31.094440544537843,18.08748092232435,Urea
22.54977324663965,55.89149162241469,61.89181463118214,Loamy,Maize,4.497522820463214,36.66757705179199,21.877541856979246,Urea
32.82295265770595,67.75793777868401,51.70897773390385,Loamy,Tobacco,7.553971767208583,20.44793150404277,25.370879805117582,Urea
24.54701966059974,56.94387449681932,41.51718465902904,Loamy,Wheat,18.448507894579635,19.173485824291856,42.35557226528894,Urea
25.120310637073246,69.04382344249603,53.71851621035286,Clayey,Barley,3.066379926755988,38.7025391137226,42.562515667822396,Urea
35.42493337039476,54.97741478881688,32.75686157468875,Black,Wheat,2.3196319646636177,40.21318895941269,18.127408981554286,Urea
22.264760916815106,79.39364795849337,63.555923457837366,Black,Millets,3.739880436098005,41.09689086186385,42.625256478521166,Urea
27.58611396771098,69.76998607373156,38.2231923350255,Red,Wheat,23.633696661434772,18.428019001670634,33.111645951904165,Urea
37.27036281225914,76.9184092719394,48.62800489275253,Black,Paddy,14.425109342672206,32.61204672409701,42.55364174817903,Urea
38.25498925758258,49.929057710286074,53.10527816366189,Clayey,Maize,4.965399522839214,24.344195133982723,16.01637480739785,Urea
32.64528575839061,40.523778263533345,56.541494880668424,Red,Millets,5.341079006092543,19.45988183259339,43.832109524083656,Urea
23.689257428377122,51.983836470659085,42.397477050744435,Clayey,Wheat,11.919543463727937,38.99346066222808,27.80366716010248,Urea
20.730993356961896,58.88267780439997,52.59364533050466,Loamy,Tobacco,1.971259182850571,28.598665042440828,38.26582850085032,Urea
28.81525493876456,56.03052243501304,52.38561325232872,Black,Barley,4.657207377921376,40.85356863040552,20.457843914858135,Urea
25.414893462871078,65.75998172956062,46.34936684392386,Clayey,Wheat,0.7615906698103458,36.47916686542193,19.68457792098571,Urea
31.034451905186796,50.155542561732176,37.844523987738114,Clayey,Maize,15.165236373181013,25.17813737688573,32.851469391012614,Urea
37.74920965027006,62.26886339133465,58.832523852420266,Black,Paddy,24.159449020737153,33.09592206530939,44.661863458663284,Urea
38.888194511545464,45.64327395110854,46.25569233094088,Sandy,Millets,9.719701833203988,33.99722324732882,17.60775044851048,Urea
20.530644077476396,47.257417403591894,53.32166243878768,Red,Maize,12.642736517774939,39.523306852153226,41.780151332309245,Urea
25.188468668625852,55.18769632669068,53.611797700592305,Sandy,Barley,8.041909224686288,27.282349565737213,33.72446723547402,Urea
37.22136039949443,48.780421003238345,68.9818906079548,Black,Tobacco,23.392763243640925,31.973298598996813,18.427137777611904,Urea
29.421309053876286,47.28428555286333,49.39113468601384,Sandy,Wheat,15.373729676457648,35.96537559482714,37.25060832685997,Urea
22.78712148145648,73.39720947197196,69.37608722814208,Black,Tobacco,15.770705469080575,23.169219795581068,20.150378575449103,Urea
38.28597613120998,44.710043315605645,53.06065902057014,Loamy,Paddy,8.22165662061618,34.542611650555926,31.6253400754738,Urea
24.128425435212066,40.43983314633922,35.47542520275229,Red,Millets,27.000559255443154,32.92239306510925,41.216702326875456,Urea
33.30073349092511,47.014851144937985,66.5764778369984,Loamy,Paddy,12.563115746762193,30.567531158485124,26.494155847484926,Urea
39.17254354626441,47.37483682715853,33.61347842310431,Black,Paddy,23.129577766064354,40.112369721090886,17.047491160622748,Urea
34.380918103684905,51.884868624927,52.656185611875884,Clayey,Wheat,14.28151206597299,43.10489217974274,34.91013496087945,Urea
25.398224447843898,61.593711156327736,36.480555115663385,Black,Barley,25.245889809301303,43.65708938170437,40.39223547943672,Urea
32.46665101809981,58.96949234801478,43.77534928176933,Loamy,Wheat,10.546204834026565,36.14776649066859,27.38380651820257,Urea
24.928040664782138,72.76409270696799,61.976635158759166,Black,Millets,20.840894125632804,32.706920006072615,23.16435411689888,Urea
21.831641466532684,76.69254301848972,35.472745236758456,Black,Millets,28.50712061462407,20.55398786515859,28.380173188738674,Urea
35.180716910776994,68.96413317092555,55.489263191579475,Black,Barley,29.417304005399643,34.3999475735149,42.10091437908075,Urea
21.0319161331742,66.79669858200157,31.766617508404007,Loamy,Tobacco,17.64791270909793,31.67419744311539,44.980604986975045,Urea
22.41045157572929,69.24094685833126,37.703961111425215,Red,Maize,3.458460637418531,38.86025513877292,27.652879791915375,Urea
26.382009464865114,73.1566189660271,31.480305388619705,Loamy,Maize,17.88809635446159,18.617006573318363,21.90026511863109,Urea
33.9257755175628,53.59499855072265,58.99067086115046,Clayey,Tobacco,1.960690223968271,31.184738771260115,24.45871013491831,Urea
26.3750500586414,65.03565505748037,65.43910992944748,Loamy,Barley,18.475895645469137,15.732023446696141,21.988784242609015,Urea
20.425388217007743,74.98806690736798,51.157485361088476,Red,Millets,28.172030955386884,44.93802331600013,38.963497073209965,Urea
35.34376577862254,56.07723654436968,49.195024812156355,Loamy,Tobacco,18.825163896551103,44.52250407597886,41.21031342559016,Urea
28.355335643346677,56.854280091082806,59.50329206355566,Loamy,Paddy,7.1633143730490705,25.638664729223294,18.31422339394184,Urea
34.31106630468484,63.56434137883579,41.090625827870944,Sandy,Paddy,27.31017306172603,18.284027960373454,16.353020316609694,Urea
24.365077757301282,77.99844735800902,61.453800576622086,Black,Tobacco,2.6823300693677856,41.37354922686494,27.52742327354785,Urea
32.268227784214154,46.68135784368301,69.64674504547907,Clayey,Maize,6.950151041503302,34.48939946977106,43.281953224053765,Urea
30.25377022033017,49.22679246871034,37.061121280220334,Clayey,Millets,6.61458627210526,38.3875342070026,20.593147864327634,Urea
32.59555845992306,48.65296092146214,50.73041466705568,Black,Barley,17.91822217291023,22.80700103854582,30.750945025808043,Urea
29.82372681737253,79.85343103226897,65.89744592184815,Sandy,Wheat,13.901422446468597,37.43614812276685,33.68812148805356,Urea
37.8984288245568,74.40507265671695,48.297283910948295,Black,Wheat,11.735092982411393,29.30030484991105,23.188781245689448,Urea
37.04387066694015,41.4168947367418,43.16205461479484,Red,Tobacco,27.947684649569698,23.441728817325803,37.05637963570358,Urea
25.195075675206525,68.9368045475434,49.835029403150834,Clayey,Millets,2.431386477229438,35.49776290978788,21.60549605849434,Urea
37.02413828097538,59.80586108055897,49.22346309306592,Loamy,Maize,17.772233539785528,25.43427623706579,39.740428977754476,Urea
37.28985760614697,69.35639675814807,50.850412487216595,Sandy,Millets,26.04482412154641,19.720219791075777,22.358565967660038,Urea
36.74026656727344,67.89885846677134,57.205630870412016,Black,Millets,18.558341346455528,19.75815315879221,37.58149918672923,Urea
37.436870554904644,41.169891321382366,63.03267002259051,Loamy,Paddy,3.866096024203356,37.30524768874823,25.053565627774255,Urea
31.12363470079514,70.26543215139739,40.347533227916315,Sandy,Wheat,5.793985937618792,24.79300729509879,17.52294673403954,Urea
22.316877135605154,55.06781447947195,30.362896186108998,Loamy,Wheat,24.56038261499525,23.50028844796745,18.853461542795742,Urea
39.25984007717989,53.674886641547445,55.304875725357924,Red,Barley,27.960843165300524,43.11685461709354,18.07529183972038,Urea
38.945957765126764,46.65510347729089,60.83937170128542,Black,Barley,21.25716013807888,16.73761381676395,29.207216653052654,Urea
37.430736123047524,78.93955876709587,68.75511421142767,Clayey,Maize,22.48955495228774,37.747895877870675,18.90258720391896,Urea
36.43025894814882,54.87334116954898,62.75142573428375,Loamy,Millets,7.5752624906514665,19.768148498302693,15.030884395369002,Urea
38.8860726991566,44.08774478774876,64.16839097846264,Loamy,Tobacco,15.810722886355862,23.951232929699778,39.7776229739969,Urea
24.60107366062868,45.25340505637512,64.72217290129171,Clayey,Maize,28.897099603203955,36.93810200921057,15.939069412425487,Urea
39.29040944540417,70.4037631375239,47.69195049523641,Loamy,Millets,9.358559714853914,36.73268017842351,24.622282213143823,Urea
24.007182870974255,74.72491253962124,58.596961608089906,Red,Tobacco,16.88250859030148,31.296984173698743,29.145973803075382,Urea
24.074024985525483,43.646579616247664,36.14632152644451,Clayey,Paddy,13.61080903815848,15.53585677434958,30.910631811847683,Urea
20.65052358982504,76.83391391262748,54.66601258082952,Sandy,Tobacco,23.89611872928529,18.519245668871832,29.4456705453765,Urea
33.71130574457943,57.21223579597851,38.02098906801347,Clayey,Barley,14.747836402243106,32.45914205743196,16.92626811225402,Urea
35.951182012743764,52.41447835694295,48.20880596327205,Black,Millets,0.34861619724301907,26.774806692200542,17.173406633836766,Urea
35.14118535222447,78.10594552154868,66.31274611938561,Red,Wheat,21.728559243792358,19.377662221054365,37.47484917303849,Urea
31.418090036883285,40.7347054776216,49.29425526206366,Loamy,Paddy,6.3104873975660585,38.27414207378868,25.380497029345186,Urea
21.44832544292683,61.36968823905781,65.301339432784,Loamy,Tobacco,2.4752560332126383,25.73404052784814,39.73542140690502,Urea
31.35081696523116,67.57859876549063,62.02346796436331,Black,Millets,6.004507327344303,18.137035210032007,20.024477467772094,Urea
34.129514529738024,41.26344579302568,67.4484898497476,Loamy,Paddy,1.5591385095441723,36.27181558352749,31.238890059032116,Urea
36.03456166139584,53.57800770171224,62.59300454986049,Loamy,Tobacco,2.403445391540254,31.42777128461209,41.84449968181583,Urea
29.046365690366002,65.743107807861,51.05610643744453,Red,Millets,21.947685652659956,16.810562519716914,17.448899460917687,Urea
29.585578571525744,64.62968087768971,43.16069751258649,Clayey,Maize,14.105477780899951,41.15498336919363,37.32837196784867,Urea
23.233450882936054,40.834445571661526,56.1305207694932,Red,Barley,9.969438760653267,29.798305403513986,31.274359071581024,Urea
28.065227222476636,48.822444996892926,46.73599154670611,Clayey,Barley,6.107348410267281,20.22580009734761,40.21357218830801,Urea
34.85413042399962,57.01973337792302,43.83739970187852,Sandy,Maize,11.13116288953808,16.203275742374473,44.62948691208173,Urea
31.57350817144787,57.54461676758362,59.01030641660546,Loamy,Maize,14.600068242741086,42.02105592033776,41.20269714244982,Urea
31.847006571867244,76.49453382466764,38.42648756022666,Black,Barley,18.688997506904485,36.99339067245843,33.94680660277562,Urea
34.31649929364177,76.36130082662564,37.187324354809675,Clayey,Tobacco,7.126299747716329,20.429308581284694,44.14185282124919,Urea
29.845557128960696,49.88924297612708,64.82999605090046,Loamy,Tobacco,13.359157650079965,25.77700108199297,30.444520617890706,Urea
33.04246491060876,52.48592226785789,45.96183784548444,Red,Paddy,25.739587617681174,32.65237900021816,15.270912123886507,Urea
39.39642090157089,58.151581655345566,39.44201853385856,Loamy,Paddy,2.20490241990038,30.593218456680532,20.09273715262622,Urea
36.577667317652185,57.235500946472236,39.9485709035052,Red,Paddy,18.5143495981209,20.011257237028495,36.203316506563375,Urea
20.73342853867086,69.45608060262562,56.552181104872204,Red,Tobacco,14.238926272494417,39.170104588501594,40.325113469075916,Urea
24.116824200735365,44.47678477590912,40.789984460679584,Clayey,Wheat,1.7126056826794456,43.098170768848846,30.93508584003096,Urea
22.442198280200536,58.08796113133741,67.3550007011162,Loamy,Paddy,9.484683149302516,16.247185771511763,30.217044260651775,Urea
39.73260245917694,78.60474785744182,30.197599237376384,Black,Barley,28.55435356269717,41.03754883560066,34.17359813446501,Urea
26.853069762418308,61.289799553051964,35.02966047226595,Red,Barley,3.9814396145783215,43.19459375780525,19.306270861181787,Urea
23.766981675312028,69.23317899483506,36.24655379168696,Sandy,Barley,7.03683880004486,22.659195741852955,43.90040498461197,Urea
27.485935342795855,40.70063963448249,39.76589161689497,Black,Wheat,24.926315740251162,38.055580935713735,40.9382650786511,Urea
33.790535020631225,67.06053543108986,38.62700609590868,Loamy,Tobacco,19.766564106979715,34.53698931124477,26.815932169624755,Urea
33.15690609206072,79.97654903082666,31.92848155442224,Sandy,Millets,29.31522552663952,41.12260351011777,27.20723882168612,Urea
31.340325219733355,69.53796837005306,65.14062245205392,Loamy,Barley,12.12420964953099,35.02780156690754,24.81099484689716,Urea
37.557823180826546,52.68782867061594,64.75602502162283,Clayey,Wheat,11.270167556451794,34.472239763831794,23.906078236808423,Urea
27.32923069742796,55.846907664370214,57.81868826759449,Sandy,Maize,11.656743038110372,22.126323926229823,28.460808678675917,Urea
24.545392545263027,42.92783695073774,54.13794373525512,Black,Millets,20.046383956650487,28.90482131401717,33.584710380288435,Urea
37.26667299143651,60.76327140544872,49.16727510518924,Loamy,Millets,0.7692619741930706,26.405868563575712,25.237434828784693,Urea
24.921393175959963,59.06781900164637,45.77461295273401,Black,Millets,16.4824271529136,36.46472721297823,37.40627148407468,Urea
36.44786837634116,57.23448366152134,65.8685715936049,Black,Paddy,2.1384081016549175,34.640792442940445,43.63980090099922,Urea
38.68872053611028,54.06490748958538,34.05683313796866,Black,Millets,14.576152775589769,23.546187058857683,22.70329703161524,Urea
36.06051795665327,61.56645106701018,42.45230796624014,Red,Barley,18.31001349932755,23.17872002200601,36.48452022669581,Urea
22.43772186673895,47.24597398138721,57.24471415859931,Sandy,Barley,5.443150430868808,36.27138785167298,30.754901510011805,Urea
23.70456893094819,76.71009956685509,46.98109700785447,Clayey,Barley,2.6111688776297592,26.20529049115163,39.472459305128424,Urea
22.246086888224383,40.103360593799295,55.5194082317319,Loamy,Barley,15.455255110011949,38.81231551141549,32.806157073694415,Urea
27.215450382211998,76.23564419151042,60.79778801006716,Black,Paddy,16.699111738101518,24.06181505504385,22.66934993427817,Urea
28.474765072975256,66.70199597165882,33.82141255338673,Sandy,Maize,18.71577974029719,32.59825389526422,28.55303036211687,Urea
37.38519249302105,58.91567862532729,51.41432407370644,Black,Barley,5.353378956833163,21.907385052836098,24.36815358146388,Urea
25.137676952914298,65.28061944081674,32.33818456434216,Loamy,Maize,4.253231805813056,32.911407506870745,23.23620762000376,Urea
28.85433933559054,57.83163658308916,58.980674055944725,Red,Barley,0.4746327529674732,39.56121171357698,25.23270073422662,Urea
26.744542655108408,76.22099169318696,60.904909097975306,Sandy,Wheat,7.946863417102002,32.8725218456687,34.358695125771504,Urea
24.533128044539758,54.1998522332775,32.77695370984374,Black,Millets,15.57179372724811,39.01069523467085,17.028376907766447,Urea
25.422948730003696,63.71247966613691,57.20527724413806,Loamy,Paddy,6.924875674620362,20.709745884572033,28.70575934641106,Urea
33.236783796987574,62.311336694801,59.22602040956984,Red,Millets,13.956168368511545,31.868904476337296,16.804270278023555,Urea
23.50605884715319,67.60019563282663,38.037347546362255,Red,Wheat,16.074830534192436,28.511128087745554,17.900293489401587,Urea
26.017062167065102,79.24945497377215,48.99546174024874,Clayey,Paddy,11.475788407320248,44.22493885884047,18.59487006052939,Urea
38.54001935848591,61.59828521122238,63.68133177505685,Sandy,Millets,15.628739318161266,17.673732963480496,33.70757064008279,Urea
36.521352605050566,71.28112350681543,58.349787909719055,Loamy,Wheat,1.0848114157428634,22.893377097325285,24.093850678359857,Urea
21.752854935276773,77.47831292124252,52.15208962849505,Red,Barley,9.165729319740706,28.41607621514507,26.9094455122285,Urea
30.313588553929954,76.7756789285767,49.87853931623321,Sandy,Barley,29.76474044469938,21.255315430720074,40.54274873235288,Urea
30.794652375198858,65.11800211090544,56.97215225636194,Red,Tobacco,15.974435776782785,19.238341478265173,36.64266201986195,Urea
21.618385661025044,56.11920715060646,36.940980599460346,Loamy,Wheat,20.84853266707385,44.26830602579744,25.382991796133567,Urea
31.5032670099325,59.174177605514075,42.54910764776384,Clayey,Paddy,18.191128333001267,41.94784881878118,19.175940738525895,Urea
30.051321529268847,55.946521110892526,35.85495968648996,Sandy,Paddy,11.026032668745943,15.77435720848461,17.045169281564807,Urea
21.59930788718604,71.06894521886771,34.881402084975804,Clayey,Paddy,17.82872251685324,41.283155777941275,43.093475216509816,Urea
37.02897275102531,40.013300244819575,30.70751238453029,Clayey,Maize,18.07659491528595,26.593825234774414,25.943946574335882,Urea
23.835649111837213,48.47021402661913,49.38406348075459,Black,Wheat,22.627606330315892,23.920651447105165,33.584932542227634,Urea
22.844987373743923,44.855397576897154,42.13100590270382,Red,Paddy,3.0313743303194007,16.86875394390188,35.76484025082396,Urea
39.93393707705954,72.55881078024075,54.608777529240434,Loamy,Millets,9.18760862359835,30.81124391734955,33.716875088749156,Urea
37.732084304809334,57.9913859528529,37.7849004728306,Clayey,Millets,11.032780526318689,39.82613686700623,27.42389257586781,Urea
35.386097872826795,40.44125057714589,46.64615992719046,Loamy,Barley,14.440324549059708,22.79439626235103,15.575768304691701,Urea
23.793896963493545,64.75792772030886,42.94001579645895,Clayey,Millets,25.029100978643026,20.96568833325888,33.878964180322086,Urea
20.852664185740654,54.856342706005634,40.63404546617254,Clayey,Barley,19.38270370387524,22.980578340161422,29.98001504935855,Urea
22.543995253748992,74.58641568561671,39.73911873619469,Clayey,Tobacco,19.55131943732905,33.42243933554208,39.32057783958798,Urea
27.84787443056949,78.24888762595793,35.32580016712388,Loamy,Paddy,3.064485889726143,43.28493424239785,34.76076438622331,Urea
21.52833718876103,51.174708557388655,67.21275539351295,Loamy,Maize,7.591752984023536,39.75396587786111,38.43511271360758,Urea
29.002488648395193,49.07858777461456,65.57563664515376,Red,Wheat,13.518589701892736,18.170804397188224,41.47378321368299,Urea
28.865461748872363,41.91323281576422,31.520873929498197,Black,Wheat,22.386217724455157,39.063916743827626,34.77106602611042,Urea
39.1300279659896,69.50033437836028,44.13005634008257,Black,Paddy,8.896067438629657,38.239605935435456,25.491096892375488,Urea
27.096827205137807,56.48523721051086,51.98464174875698,Red,Wheat,24.9160336921452,27.728906576546642,17.061384975548034,Urea
25.908895549548404,70.76892591352535,54.98654275417055,Red,Tobacco,11.458189189586877,18.641592544782192,21.170617865866653,Urea
21.385086125717198,78.39306072303717,49.13021178303695,Black,Barley,26.87443792115646,18.757007112984812,24.66646510333885,Urea
32.037631792726444,63.29690632828986,59.922927177181286,Sandy,Barley,24.353093642704128,18.842872390986003,34.69435821994508,Urea
24.49231223687704,54.88668095350053,47.28307531776784,Red,Millets,13.182149690833565,43.29227513234123,33.38818747483576,Urea
33.519645511727106,59.84191354719546,30.50859559947574,Sandy,Paddy,29.772462014684105,24.50767432034835,35.143648046839296,Urea
38.378530672791086,50.08964080693446,60.201677149851136,Red,Maize,13.8161849182242,36.85472031484839,40.25995658670185,Urea
26.40119665041967,70.12749343653611,40.773251932081,Clayey,Paddy,16.186686614865152,18.238311439393932,36.838415301922296,Urea
36.355706597138905,48.540454652426874,50.23410771807316,Clayey,Wheat,25.221090840336,31.26711616475545,36.98404634298752,Urea
30.1672109383256,51.901938052752826,52.600879714360644,Clayey,Barley,20.66655906150272,34.08874061937745,41.199687475824234,Urea
31.16084650297934,72.47008867462839,59.6684824605172,Loamy,Barley,26.443523390250643,20.818616018033246,23.337062917466035,Urea
24.080712692577976,62.20339797209145,59.32285184118699,Clayey,Wheat,18.47956350780537,25.661537060572183,20.640742038462484,Urea
31.084530282640333,40.20918454171651,60.43963040112375,Loamy,Millets,1.059340648207172,21.074416804957124,37.37201348193696,Urea
27.35881502604169,53.077264653523166,35.95552201329779,Red,Millets,9.168126464706447,44.890030128817415,41.29952285484602,Urea
32.86730359823569,71.21599104589097,38.68836390764842,Clayey,Barley,4.134686974777062,15.056396505747319,34.89126013501477,Urea
32.39178674919681,54.219720417654294,61.76789325108337,Black,Millets,2.789719194693965,29.429186696583713,32.646068008451714,Urea
31.599675748562625,62.459383518380946,52.426403776646836,Red,Paddy,18.104629997893646,39.14966999042309,35.294038116790865,Urea
26.442160084583712,65.45962604196616,35.95998944596974,Clayey,Paddy,20.862469449841598,44.45907571338436,37.37775626441024,Urea
30.345381128832187,57.60795991821962,35.89810106825136,Red,Wheat,9.845782608279347,17.658012890388516,28.020580985216256,Urea
31.964505881274775,69.42652456956759,69.93390045571799,Red,Paddy,27.99339994030673,27.63744159882216,34.27695598605575,Urea
35.71303236160464,44.733447636935495,46.39619558785153,Clayey,Wheat,25.194068569068516,32.156168136815594,26.51498855799132,Urea
31.310999298428808,79.18586860135534,36.61176443880698,Sandy,Maize,21.00755878333563,32.594372765661205,32.574304379157056,Urea
25.97451147177546,77.62716980461363,40.37187035463095,Clayey,Paddy,12.889704382168052,40.25800700375426,41.181907514538054,Urea
36.052866195914206,58.327475469515704,49.31875488341421,Loamy,Maize,4.004399172478314,36.83817920921295,17.418045412713738,Urea
28.737014052303593,69.18032914609587,60.62051595964439,Red,Wheat,4.767245030080607,19.060622468330564,33.30675448432924,Urea
39.13229242166916,42.75832065425685,32.282188846050175,Red,Tobacco,8.465612240796004,22.409363972159994,22.85117051207718,Urea
24.990923996990123,50.87798904514524,60.37593049671855,Clayey,Paddy,13.4921952735162,16.960984726931557,38.301316708655435,Urea
20.672272003665654,42.50612813821418,66.25749813377644,Loamy,Maize,4.177361133527855,27.332868078021196,30.972620468256515,Urea
39.26788868427101,62.40672733847368,67.47289848132368,Sandy,Millets,1.567736378580713,22.804733728861535,27.56379957222484,Urea
39.62594180994493,50.261202497769915,56.16698405896298,Sandy,Millets,5.942928982792203,28.917974600650084,31.959907637148298,Urea
32.170545453929336,53.98025488347275,34.56383139551733,Sandy,Wheat,4.537404862048037,22.52899984020894,21.759507898537052,Urea
39.610336440022124,49.096379834455156,46.15911505306193,Loamy,Tobacco,16.276374101862686,31.465159701601763,38.750999653600545,Urea
24.522941031798815,73.8767491235424,47.14522187881903,Loamy,Barley,4.228788825653078,21.482713595559225,34.92563743516252,Urea
37.239738168085445,58.40649057953759,59.97134850783105,Black,Barley,8.717626794190652,18.35807781064591,38.60910404752999,Urea
39.56123635947057,71.75958865472025,49.89023721258753,Red,Tobacco,10.193324146856552,31.34543277253547,41.1640710006743,Urea
35.08215360632328,40.71782714273967,35.05015131170454,Clayey,Wheat,19.788880991842266,22.66480033966814,19.84859433857614,Urea
31.203645167498237,70.02918027997389,52.3192295513056,Red,Wheat,16.575408443481756,25.30989577827309,17.824557303770938,Urea
27.814567312272267,71.93376752897314,44.877306716674596,Clayey,Maize,13.550904576950481,17.802239159258868,26.921441714559496,Urea
23.9121854608903,47.46893183092166,33.761444177370656,Sandy,Tobacco,10.700129224252942,23.293250717501884,37.72445654368252,Urea
30.6605773449228,46.318192913413924,57.835964726752096,Black,Maize,23.797840513147634,40.71537770996259,24.5028503120258,Urea
25.538089747556178,79.34085890860888,35.62846112195034,Red,Maize,6.060470052074699,41.819691300236116,20.526745177140782,Urea
26.263239896345645,71.94373089531005,68.71023508413555,Sandy,Millets,25.706218082252825,37.191909962566214,18.529319644779754,Urea
39.68220638072995,66.71679995214508,55.38685093015766,Black,Millets,4.9786468588735495,27.824690637618453,41.45783274913932,Urea
31.19511367276765,61.095984884907054,58.774144894766344,Clayey,Paddy,26.707741590534063,36.944894710210875,17.382197539290885,Urea
37.16354106314328,72.76254055446624,51.631750199421774,Red,Paddy,21.307283958699344,29.13503696798444,24.430503395512453,Urea
26.28121589985464,50.17287924713267,62.770204194858444,Red,Barley,26.39465741855086,22.330198223593985,30.763047376370785,Urea
22.012749570470667,49.59496451023779,35.678879590439756,Sandy,Tobacco,10.438242347465,37.464790108899194,28.510529367162377,Urea
34.76138246677034,72.24783524015163,63.749493056268975,Loamy,Barley,7.619246237160741,37.178842054943196,15.933467997520731,Urea
26.298391772259354,40.152685364973884,57.266779296064804,Black,Paddy,5.013960344136637,44.752278515035165,34.65847229074974,Urea
37.327730285026846,48.62119475165328,44.4151127972139,Red,Tobacco,2.055162198809387,27.249190282783534,37.894658737766676,Urea
38.0721568869359,49.31052588405155,62.29584121359805,Black,Maize,1.7728167023475983,34.52305642676242,41.96542164540742,Urea
31.2088126196088,44.43957876853924,47.88222175225702,Black,Maize,13.81074813605779,31.399446605633653,40.936908285680104,Urea
39.53600657021319,44.428823733052624,46.901937132477784,Sandy,Maize,1.2607402551421587,42.54229656597452,37.19712362300791,Urea
39.455526457841714,73.04156206666288,57.97261500504815,Sandy,Maize,25.183827285023007,33.640334917605884,44.45396079781883,Urea
32.56476220926562,61.307035470462196,55.40356423638875,Red,Wheat,13.495266239176777,18.607416795350268,21.553295486499213,Urea
24.837876565176778,40.49616145109259,48.75071861858024,Black,Tobacco,9.037957822800012,23.917134231258515,32.95072452893277,Urea
34.86386397463207,41.925713439134135,66.11579980767948,Sandy,Millets,25.567916231735445,32.79664710322153,35.03414049679219,Urea
36.76304367103849,51.411613534292655,47.167303735854276,Clayey,Millets,8.033300264650025,32.200480369056535,38.67482539766194,Urea
25.04614499678813,48.80901205509261,49.53498515931755,Black,Wheat,22.126972472784804,15.979370326370057,30.757192725604803,Urea
21.293737870302632,78.2329793488301,31.00567833109091,Sandy,Maize,20.833513683921264,42.32029738305418,17.46621191135345,Urea
37.85046579909692,57.73520057516751,54.28358314875016,Red,Paddy,18.93922659275966,36.07901319256549,32.75091486918977,Urea
22.084496056166955,55.3804531057925,49.50668274485058,Sandy,Wheat,19.566727786364176,33.01953199645068,43.5159315775861,Urea
25.37917891652942,56.27887638537055,65.65920062494027,Black,Maize,0.08763097864086022,33.122150312136576,16.192978949657086,Urea
25.536286155826115,78.86130763604203,43.25388028412203,Clayey,Paddy,14.461231743362475,33.323402132273046,20.88293138215179,Urea
24.139851568768535,60.66290513783916,30.220231966416833,Red,Wheat,0.22992097947675982,16.101640875024636,21.572064273055734,Urea
26.777212986775034,72.10342718319251,52.88194573477203,Sandy,Millets,15.380031778692492,42.95261158298449,23.80466469624365,Urea
25.69124603525795,72.7282667499299,51.26397858417724,Black,Tobacco,26.3958803208348,15.890046691942194,32.24338662793245,Urea
39.856336779981405,45.25956479591927,40.98926102078078,Clayey,Millets,11.837282267929393,27.33063225796637,27.65484535616494,Urea
25.163465083823382,66.98431411664865,41.8691056441636,Sandy,Maize,21.552876894562058,36.64180353318865,43.62099382755122,Urea
20.042076863517668,68.70288498926378,63.183502274610014,Red,Tobacco,1.2167621263404427,22.700826849301375,41.14793181864692,Urea
36.007097580468134,66.50658052237422,33.69139168293029,Red,Barley,17.88964556581105,42.00963804222815,31.487509701664308,Urea
26.421621941741,69.99403057745866,46.50701304333587,Clayey,Barley,19.38288525015189,41.64117193080354,34.39350270373821,Urea
30.043072199239738,45.55485305586068,34.629504267148214,Clayey,Barley,4.629646958492382,34.13631277990902,20.155454439812836,Urea
30.599830458528373,73.16070930181965,69.65052906934532,Black,Wheat,24.60037887358068,30.9747809831144,35.84647121027878,Urea
21.68784761089085,55.97474993578764,66.40538547128537,Sandy,Tobacco,24.240678897196588,28.998233540916477,21.481540950350617,Urea
36.912087259798135,67.69971306676901,47.19724309560593,Loamy,Tobacco,20.188998671832973,24.18940496334638,23.261435227662556,Urea
28.928390328031643,71.9352136207341,62.89689494673114,Black,Barley,25.726870129838513,27.929556615398887,42.49905707523622,Urea
27.401046693485107,41.09681239890631,45.71896901381165,Red,Millets,15.774377966199713,19.96885041084796,30.350441597445354,Urea
37.801940703676166,53.8350984295143,36.178389888932955,Black,Maize,0.7634327971725263,34.107069523642295,34.37467158859452,Urea
28.19257789790464,52.44869980253574,57.084825589400374,Red,Tobacco,18.173377483580712,21.5367766276497,25.9378118459262,Urea
29.080032423922297,67.53096943120948,35.62211870313443,Black,Millets,14.567690989781934,30.1636535373135,15.826101596083964,Urea
27.684134259716004,41.559840502996465,31.23823163677374,Black,Millets,11.639602798406084,15.700562889845578,19.80074809389582,Urea
29.170460177637814,51.56979087890618,66.00332732065922,Red,Barley,3.4841688060157683,24.419001521320585,43.67756486865957,Urea
36.53414719482975,79.36052652841857,41.53621751274983,Red,Millets,28.834064562227788,26.565357142107672,26.68445684707261,Urea
23.08290086356974,62.14845941432045,51.66819249640016,Loamy,Barley,22.8570543781461,28.21324050937272,40.00949885812757,Urea
25.186697946341887,47.78495346819488,32.305903287960994,Red,Maize,10.2734393650414,43.99252157599222,23.107430763923496,Urea
23.304841008852065,63.319377046584094,69.98855216623656,Clayey,Wheat,4.515644749902407,21.21927009562674,39.50270790358584,Urea
34.69155846242826,52.01957542401729,43.03292470257799,Red,Millets,23.775641758887573,36.92454086135426,28.84336535661938,Urea
29.510920749736535,61.720983358306526,39.10998944412839,Clayey,Paddy,28.920865414965412,36.664297063677175,42.28363832811726,Urea
20.75963126579707,69.83440154508048,51.97289917612696,Loamy,Paddy,1.7322315560752133,29.00346231693564,35.42267678881457,Urea
39.39215453696191,77.96448572357761,50.5160966458879,Loamy,Paddy,2.8101726211773057,29.75793300317187,37.63863664795775,Urea
25.715671110517405,48.12892364344349,60.47192765510789,Loamy,Wheat,11.596215204690836,29.769764400035456,30.338263866022537,Urea
37.31154291249105,79.22957374333717,46.30336834295268,Clayey,Maize,24.82556766318909,32.205868543667194,37.93583383964153,Urea
24.009490310568054,44.370568412384856,64.15847867821688,Black,Tobacco,13.174494499012448,41.79270615586245,40.40906562621181,Urea
25.120951302099087,41.231601986417914,68.86132169562354,Clayey,Tobacco,6.622364653583452,37.87789184082526,37.02089287767919,Urea
34.45413915396457,67.70129726148431,35.37740517632487,Black,Tobacco,8.981867651150438,39.13311623038515,25.761465762510404,Urea
39.14896038076192,40.354531404538754,69.91283422727912,Black,Wheat,20.304638965721868,23.838581890385797,39.854078983473514,Urea
26.835648094735234,65.31625322713737,32.761181635513985,Sandy,Wheat,0.1699744358870181,39.65779907819789,43.11273085376384,Urea
36.91842879355464,64.54416456949834,33.54418855878716,Black,Maize,14.628834290016325,27.226290930972926,17.32948004014815,Urea
30.982606725543455,65.28359318024968,53.08162657847643,Loamy,Wheat,20.932688282202886,18.028235999325645,15.182662447195172,Urea
30.012485361408356,71.78062177962994,58.283459090667925,Red,Barley,1.506780343919213,27.086198478979114,17.187055061037107,Urea
25.62008997817427,72.13930973187539,67.16912214527416,Clayey,Wheat,12.153080835826993,24.64487103743646,42.18333006397491,Urea
30.979608988832837,48.77095847695503,31.34676712855491,Sandy,Tobacco,6.438842197764085,37.78834286099389,27.48364284213277,Urea
29.07893696216714,72.85727966570373,52.18629392140382,Red,Millets,19.11272511242715,28.895181502540254,30.78835381014608,Urea
36.079170151050405,62.100038696315565,50.80679569243004,Loamy,Barley,4.2862788401823515,23.14228141340143,38.26038451209406,Urea
36.47556180202331,68.86886210868717,40.861881896449695,Clayey,Barley,12.073399123010068,20.67118574182595,18.0824475735727,Urea
31.445890533565727,64.67428814879673,60.829069037046914,Red,Wheat,45.414328123456585,25.21112238917288,14.009039998908321,DAP
16.90245561506013,81.54436860304043,58.068586397240736,Red,Ground Nuts,29.547547358749547,40.99643945247261,16.949530730257607,DAP
35.865595895894316,82.14919084080213,41.895380887372234,Sandy,Sugar cane,38.20597814922132,35.25420183449005,28.089634619074705,DAP
15.972710232121667,63.23145254986316,62.20683861753698,Clayey,Oil seeds,54.54870458420365,19.173475466732626,20.275432393930092,DAP
35.13675821071017,44.140361832845024,36.13757633001738,Sandy,Oil seeds,29.536022791840466,43.31946916089629,20.283246942432335,DAP
25.934351980551696,66.71698698556021,64.97864992862523,Sandy,Pulses,28.668282274915025,26.553603597075004,14.957123985171275,DAP
25.52709091866376,45.444136200258185,39.74828683459181,Loamy,Oil seeds,37.94346395955118,38.02702885553755,1.570650605624172,DAP
33.910137396777735,77.51740005599477,33.47976218794632,Sandy,Ground Nuts,48.007371875954505,41.40470213764455,14.16845412488945,DAP
30.589703607131018,65.38760611263612,36.81205910287331,Red,Paddy,29.78103162779104,37.15792374396992,19.549192814318296,DAP
29.831149892513217,54.75654538057516,53.52827533130471,Black,Oil seeds,31.972534621291857,23.622287893967393,26.70645007908523,DAP
16.336114897848045,40.57561061606382,45.634476108493125,Clayey,Paddy,34.365743685479,15.440801659648615,25.06440677226583,DAP
22.75894757568913,35.966381545880054,29.97473596002041,Sandy,Ground Nuts,39.47749362215224,27.12869241764607,14.785937533423398,DAP
28.688028522830678,35.49619105639178,43.56380637814016,Red,Ground Nuts,58.72247343106559,35.32626802376859,15.57096840388646,DAP
21.146810485252693,45.9902674411595,30.260730676655115,Sandy,Sugar cane,54.99953459496988,17.291548349743678,17.26066209754668,DAP
19.18000138631765,56.77538127360953,38.283974615725455,Sandy,Paddy,36.96312969222639,21.697901565155888,22.17079673363876,DAP
28.1249413492615,63.40462561689336,51.520293845671034,Black,Wheat,44.19337126684789,35.2674027585078,26.377653445391537,DAP
28.941370993470034,49.55721238925895,33.28379672706285,Clayey,Sugar cane,30.331472498193758,36.30406295394198,26.98365637638305,DAP
28.87571153144369,58.67004407474563,27.388659558835574,Clayey,Ground Nuts,48.50747985411104,44.706266807628644,17.466262793046933,DAP
27.523093654406047,83.13841751266031,28.02420162467003,Loamy,Wheat,37.798826189147995,20.8749925240281,6.761438040202975,DAP
29.31551375601792,74.06609278736525,48.131935976814425,Red,Pulses,30.14369483558734,34.078641214911855,24.33371309800413,DAP
20.977814522585156,52.25961042471053,61.69943372527961,Sandy,Paddy,35.16765769849971,41.70423412188044,14.099648044738098,DAP
16.430674201788165,42.36515221394852,25.313663630876672,Loamy,Paddy,47.08226265802072,19.028245527068265,13.43020276231255,DAP
27.182173650749256,47.09466470564446,45.0241428461883,Loamy,Paddy,48.78671164572877,23.241114451436758,2.2871765392069343,DAP
27.571274266742783,56.640800110473464,26.755997705720205,Black,Ground Nuts,30.801242293705457,21.275563962237833,13.366249162256727,DAP
34.403942273191944,84.0596264582058,56.72571495986958,Red,Pulses,54.882472259663345,43.81880926539599,7.259313909511361,DAP
26.45942801148328,55.33370349992916,63.12080084715597,Loamy,Pulses,43.28889008562186,28.76890438131896,6.573524384098153,DAP
19.050195840603678,45.697851934411844,25.521182710283348,Clayey,Sugar cane,25.49665172885185,36.96367820528867,24.881748808755376,DAP
31.06115661623417,54.76029631549851,63.1158718399131,Red,Paddy,58.84684384991122,40.62665719022604,11.783813274280302,DAP
29.73414922162441,68.33002395233096,31.507989752342635,Sandy,Oil seeds,44.77798593584647,29.966869936078258,23.14880732935823,DAP
15.20788478882372,52.85146719850061,62.04776273727128,Red,Sugar cane,33.00368728612631,21.662276120799618,19.030910666150614,DAP
26.837723193793096,75.41377197779688,35.1528431262678,Clayey,Sugar cane,33.60326037571535,41.839283927329035,12.082931953867556,DAP
35.731811222764506,42.69035123208039,64.60345504269928,Sandy,Pulses,58.419644756346386,30.381607434378843,14.8402556877385,DAP
24.026538283278043,72.71324866735114,61.73705728581635,Loamy,Oil seeds,58.282500807589194,25.713634779015084,17.313677581149623,DAP
20.773031815032905,63.20370144167589,39.34313846099492,Clayey,Ground Nuts,47.982087579775666,20.747788372044774,7.211967386805207,DAP
17.34148470783935,60.29789538674658,33.83411131852036,Loamy,Oil seeds,26.36254871639836,20.25665316317482,1.0805645487427917,DAP
20.172474986765987,56.56903243870373,53.766395877782756,Black,Pulses,44.71636247115663,24.790152927959618,12.825054939843351,DAP
18.307730057240715,56.50514382649,61.150302871005685,Loamy,Ground Nuts,54.60473426609887,37.89325090803925,12.0282528741914,DAP
26.44341659936035,45.234005452864196,48.64521213034066,Red,Paddy,31.514756421367178,40.65090604859805,9.946940972015813,DAP
16.636640558988955,38.45037963064082,62.63138082012431,Clayey,Ground Nuts,42.742215328664216,39.32635743023755,12.28236215451055,DAP
30.95321532189729,73.55614079259433,51.18602747463818,Red,Oil seeds,30.305827618003477,31.17283658208026,26.276492505511712,DAP
15.86413507917487,41.39334006112088,55.62187002063443,Clayey,Wheat,25.000407216437814,30.675305432567654,12.496974854468766,DAP
37.380797748363655,46.3062665624836,37.16794878545123,Red,Ground Nuts,35.63798792892596,15.044214662589342,6.912499863520497,DAP
22.131944381883365,71.58623682821064,50.62542371210346,Clayey,Wheat,39.55803666036493,33.28893034970706,22.772068177751272,DAP
20.814712940051614,48.57192888171001,30.014259031695424,Clayey,Paddy,36.79376540011098,27.172535058451828,29.98631756157283,DAP
28.584670181876668,68.05071271236602,28.13823265268496,Sandy,Wheat,44.05739356863528,20.019639120031812,21.279624854178287,DAP
36.90110107104468,37.12111491034459,35.61304550221868,Clayey,Oil seeds,46.05438577549384,36.43272492213727,8.896797366177921,DAP
17.357867173528913,60.692723210338386,45.355622223642236,Black,Paddy,37.924826957543935,39.82518959619664,27.987745877090163,DAP
36.18287398522125,69.72977136266427,54.159242466232655,Clayey,Wheat,55.15918163255708,39.212127116001085,8.22214768026573,DAP
22.94286490163242,51.78052271349213,64.14101873556562,Clayey,Wheat,54.97880283117744,36.81170284846171,21.035095847707794,DAP
22.175632467507626,59.125021011768034,45.26690595930983,Black,Ground Nuts,38.553304491233355,15.481855949430184,27.197166320164882,DAP
17.86080511855046,74.87736802685997,49.636476627068845,Clayey,Pulses,54.51473318277408,31.769419022993223,2.9254297692269238,DAP
31.242443208157248,61.71452759468379,46.62938268532417,Clayey,Paddy,40.03585802516226,29.467930837565767,9.265032720220226,DAP
27.71226274152654,54.82768409949816,30.268601143163743,Loamy,Paddy,55.285351561811936,24.29363577627298,4.718196245391461,DAP
30.472168866804655,74.83406985956861,35.01871595169996,Black,Pulses,46.87059348624496,39.98491130364813,17.15237949431246,DAP
15.279605743979896,68.70099595293964,27.07343196478916,Black,Ground Nuts,44.21005327770746,24.203297985664236,8.628981871310346,DAP
29.289726328141032,51.70249828343846,54.30796202361122,Loamy,Wheat,39.15845849508544,38.512795274523214,2.0505960092987587,DAP
30.765209314103735,51.6228078574356,27.263426245868626,Black,Paddy,38.08723664544848,34.252031918956746,28.333457480829104,DAP
28.82536199935955,84.5180890999186,38.01015623698208,Clayey,Sugar cane,57.94453568846481,15.344419792481336,27.44193344869511,DAP
19.12538768628084,83.53382727048721,29.53214018909857,Sandy,Wheat,39.12603508265569,36.13663284082336,22.136549545038186,DAP
22.97005586291252,54.880618927643525,35.57105052634557,Red,Sugar cane,32.18665285473799,23.056012682028218,14.491190926766699,DAP
30.864913532706787,42.19709567861155,48.81438645034416,Sandy,Paddy,31.02387109879722,17.050023145368126,27.765666235556427,DAP
31.00334198607523,57.90111058341294,28.683810129316093,Black,Sugar cane,44.36826556443476,36.113769329715225,19.248957264820636,DAP
25.365788923595,68.60280193761267,48.34227869299274,Red,Wheat,43.401467684569724,15.060555532447017,7.485731005147459,DAP
17.69251895275588,57.45423725054734,49.49032603047378,Red,Sugar cane,32.45797530396828,15.200463876716633,28.171712879015615,DAP
23.591760424096684,37.524447220620395,50.09946287137117,Black,Wheat,38.49647295029768,31.259702246692978,28.088014182396574,DAP
20.071124949885995,71.28629551820516,49.68996083394903,Loamy,Sugar cane,50.879288044095915,34.949835487133214,6.440035919176104,DAP
32.08497442284528,51.35223220759089,60.6022810186101,Red,Oil seeds,27.950546011397265,40.83958877445272,24.21567956373564,DAP
26.792707068020846,56.91924900153806,64.85049146099507,Loamy,Ground Nuts,33.021018292495675,35.12026576146977,16.40627897628134,DAP
19.69256731198731,67.69970461699006,57.73478265925349,Sandy,Wheat,26.750650188738927,15.885121654356178,27.345638799759495,DAP
15.363703513358127,38.857258426979094,61.44673140720316,Sandy,Pulses,37.420129076115174,21.46033144147658,12.743145912751586,DAP
28.680473937589163,53.610019591260965,38.32139487221593,Clayey,Paddy,55.97375078632057,29.805029764632245,11.498527189266042,DAP
24.141307608679107,60.680552327216226,35.134286802386455,Sandy,Wheat,59.56808573194381,38.122275927166555,8.744872227711687,DAP
19.743000316935216,74.98593819824306,38.344271561161726,Loamy,Pulses,55.28176715892339,40.79471506173827,27.45771554753469,DAP
25.44994473055607,66.5123609728079,34.9353443497283,Red,Pulses,49.69112905992202,28.27636544444237,12.82804001110012,DAP
36.534454293785316,38.20031733043105,57.989729493880304,Red,Paddy,35.23340886442676,15.65739986325027,13.317583635191335,DAP
26.560518580493003,37.80880386737195,44.6438291753266,Loamy,Wheat,57.44887201004496,37.93322184226513,3.1617965432341566,DAP
20.985441753660275,42.97461312706791,31.41850457084906,Black,Oil seeds,27.467218097510063,34.92658154966905,5.569401147037291,DAP
34.009226074502536,57.31006104887719,57.233781304713325,Loamy,Wheat,25.27875416609079,28.29919528551526,27.736831661304148,DAP
23.208377428935535,52.689457936821796,58.14222391624325,Clayey,Ground Nuts,52.625249691189,42.41365331619778,9.233874950422368,DAP
29.540981748340826,53.67600884498438,35.85995016727472,Black,Oil seeds,33.11242566012725,42.10675330297591,9.558268882908216,DAP
26.57204686868542,44.693153396844636,59.352670846726184,Black,Paddy,48.6929274048893,40.76292838048417,25.137251245554108,DAP
25.101843828743498,65.52733775077122,31.414616244789727,Clayey,Wheat,48.57758961162177,35.818487715304705,5.377597672178423,DAP
32.03440142457052,78.14861994934813,46.275563160300564,Sandy,Paddy,52.63012679683169,31.241088304718062,8.903600460595518,DAP
18.812208070200075,79.54277674915733,34.66147366806727,Sandy,Sugar cane,37.39949645260255,21.67083914244511,3.1603645344399958,DAP
28.978311711200007,47.26761570831055,27.30928636900469,Red,Pulses,38.686150419458954,21.58661769689406,7.0261011277900245,DAP
27.808204192958208,55.78875517616609,42.15777333720577,Sandy,Oil seeds,43.93167513433283,36.06438288545488,20.892894211083217,DAP
26.50259329776242,55.5979047517051,59.82107865077537,Sandy,Oil seeds,47.09966224264318,18.461839265367523,15.975121992479455,DAP
17.695689830645367,51.8603287782876,30.713678592573274,Sandy,Pulses,49.22257764585291,26.75578119564078,6.187563415084578,DAP
19.699276818176315,60.39025319793896,41.77086644664088,Clayey,Pulses,25.63434143660054,17.071377189437992,23.782743407184384,DAP
27.89560078359585,66.42132283072935,52.54526517231503,Sandy,Oil seeds,33.86453342329503,36.70330987064736,0.2993632997534812,DAP
33.89193234671597,77.16630838939416,44.403786399181605,Black,Pulses,36.6769938542903,28.538823390877646,23.7467460777411,DAP
34.66440244991391,79.12799383861736,43.6523902456068,Black,Sugar cane,27.64949045584256,39.1061297838781,11.634782697507937,DAP
16.540393076581246,78.86752265664194,40.57619755915501,Sandy,Wheat,43.961633749364715,16.996941837426686,29.04197436152277,DAP
16.704424719221944,53.77344642332502,57.15258180773787,Clayey,Pulses,40.1715281464472,31.771778548398064,29.915470617088513,DAP
20.062560495809322,52.52602671430809,39.90133095038203,Red,Pulses,27.404978720338633,28.927155592176746,11.087225982803195,DAP
30.104778148596985,70.43828276145771,25.334547275074286,Red,Ground Nuts,32.618358985318764,29.519681045392414,19.850528651995695,DAP
17.19354685228035,40.18392903671383,26.946306546468534,Clayey,Paddy,45.33552826812883,31.440970699927203,12.782129328782911,DAP
33.46904765503025,60.90040332023124,30.6129807277406,Red,Wheat,48.49051156828911,37.26759561597262,18.614213551559118,DAP
22.980141173894843,54.537757616481855,31.3471549475874,Loamy,Ground Nuts,34.038085688315604,27.99489333945499,18.162352725227617,DAP
34.609453963581885,62.08232091083799,55.33069168224237,Black,Wheat,35.74165796180995,36.38333028650493,12.449136462002347,DAP
20.55451444383517,45.745631851819795,41.99403371472348,Sandy,Sugar cane,56.7743479859237,20.637611424459692,15.211789402161548,DAP
31.01159133817228,54.13993822181939,57.873237863414374,Sandy,Pulses,48.08287690242696,23.158381182553462,23.887243516241057,DAP
36.5985750273567,66.81871407666873,37.98047200701369,Clayey,Pulses,34.43291518022954,35.83922876681183,5.727797552149305,DAP
28.691975116332248,48.23175134626787,51.478757791754745,Red,Sugar cane,53.52289049891887,37.82553992792345,23.340757294339596,DAP
31.07582305520987,53.41736068971757,42.293849056133894,Clayey,Pulses,26.090218247768686,16.01029211623392,7.787293478251476,DAP
33.95951851322319,66.50199392399911,59.32481577004414,Clayey,Oil seeds,52.43203361560372,21.031954561498353,12.869547955226714,DAP
33.98456027485081,77.24356738776146,34.9603494443636,Red,Ground Nuts,45.18458396002147,17.84753810465009,2.0176774190210356,DAP
22.51270273679595,72.40919560244231,57.26660212107266,Clayey,Oil seeds,55.03081448525302,22.244894557706036,29.928848922064695,DAP
17.99185540606578,36.12129445810275,39.417073085659446,Clayey,Pulses,52.43083878763328,24.38333967631062,16.985420736752125,DAP
15.36208699890057,35.8574890957599,61.66413206569644,Black,Sugar cane,49.71554757416689,18.979337328028596,9.26867970204458,DAP
27.958093066390724,66.23070240572657,59.577329874734566,Black,Pulses,45.54277772956175,44.72037471197297,17.42851139664538,DAP
30.550884144530677,41.921774666469716,48.1536067214237,Loamy,Ground Nuts,44.93195694602888,26.37382975126941,26.05232363824146,DAP
27.136581723098985,45.58179492849306,64.82524437995534,Red,Paddy,59.33912677537775,39.1324217903242,19.48526789122342,DAP
28.64263903790777,37.667399849444884,43.19057370210644,Black,Oil seeds,48.61752057585937,26.193678552671507,20.32594841651054,DAP
29.52780084690651,37.71953742611556,50.77026894603246,Sandy,Ground Nuts,59.09866789506646,31.64063129340259,2.0940196384388674,DAP
24.518031702378302,45.20832795841215,26.693691150895354,Loamy,Ground Nuts,45.290415498402865,43.462331854491325,13.587332108028324,DAP
30.76409289925813,36.24831110600286,31.85736706842171,Black,Ground Nuts,40.8752649972992,35.57101628800932,13.646173284086046,DAP
26.23539955117782,55.094359994536504,31.14764171376818,Loamy,Pulses,45.04125315087079,42.63922536638927,8.310375729779363,DAP
28.635324151686532,52.7462330438505,27.079574079108298,Red,Ground Nuts,26.111031788054603,17.536961342917134,12.700054324595925,DAP
20.664578432642227,69.53398855740033,48.871056798467585,Black,Oil seeds,42.55514949712819,35.50361332222526,29.285609249642512,DAP
33.401688937767965,79.22916464605939,30.00882238067326,Sandy,Oil seeds,32.019354224584326,35.736354281596206,6.486810273833391,DAP
16.435063577760378,51.76395250391479,27.6806615100484,Clayey,Pulses,59.137009671767466,40.57642263737911,24.5092172181551,DAP
27.69317413768727,74.47047109567927,41.64872235381397,Loamy,Ground Nuts,30.884134493975353,16.656675622290855,14.248528957912448,DAP
25.084504450763298,61.494063054426306,64.41215329149142,Black,Paddy,30.810763827500125,15.261184411876307,3.432945558370757,DAP
29.503361656411123,45.98533951957002,25.82083258917301,Clayey,Ground Nuts,53.931642092587104,25.610900597422017,10.967871030119003,DAP
19.841659612302887,75.45118201458382,30.87687694335083,Loamy,Pulses,36.99258012828825,19.64775933430328,25.939767655744202,DAP
27.958392383128647,75.19024452417375,30.485939526109725,Black,Ground Nuts,45.324467959399975,19.322363580395987,15.165262811695918,DAP
21.293729610797747,59.39171592720062,28.290892971082474,Loamy,Oil seeds,41.08544200247681,39.67143633556063,9.19390404128461,DAP
24.627967323121588,57.9215712065719,54.000243051964745,Loamy,Oil seeds,45.10006512815738,38.31147856955268,20.01637011582543,DAP
37.757376012196296,79.47596555218816,39.85869050497507,Red,Ground Nuts,31.830828102652767,37.249243555081264,14.681776122197661,DAP
30.801900463397054,67.90412923745951,29.68046899431785,Black,Wheat,52.99012697665518,35.955918756274116,3.6969772714897453,DAP
26.818566895261753,80.16490071878553,60.59534905893946,Red,Sugar cane,53.62497069792603,37.08719430401499,15.304451413689698,DAP
35.00093989691988,55.138791661644994,63.80941377659507,Red,Oil seeds,57.631296538010716,23.382476525282158,22.248078583553564,DAP
21.408790451645835,45.93549001617916,32.313511194752685,Sandy,Paddy,53.899883304623344,42.81371345593348,8.57122702982671,DAP
23.614609597730368,74.8866131674107,39.69562914788282,Clayey,Paddy,28.045602640597608,40.35362554488104,16.703547327845637,DAP
37.735997903895274,36.26186729241321,35.10584122485147,Red,Oil seeds,43.20259213889027,32.66799224836693,15.658590104356916,DAP
29.33999010194382,65.01407302640185,27.14057851652173,Sandy,Oil seeds,38.178560072625444,22.96110334805926,6.96167219103468,DAP
17.156860103911377,59.3065242607462,61.829586013705416,Loamy,Pulses,26.402069166774307,21.226228086171105,8.743827404813816,DAP
28.5688013044416,35.321760574839786,55.90065144317616,Sandy,Paddy,49.58709195559641,37.81272935047415,18.45760959847242,DAP
37.98982717476009,73.47244470410234,40.91462812069709,Clayey,Wheat,53.964356829591644,15.913910589268804,5.121250899374406,DAP
26.743357421569875,65.75645702706,61.42422868857687,Red,Paddy,42.84489033426602,16.507290294689465,15.038269338771881,DAP
27.676679124076557,56.90893066241723,58.567215799211944,Sandy,Ground Nuts,30.623785464914583,28.47116303790378,0.7491498635114879,DAP
31.665760597495467,40.579649997862376,49.33278000031087,Loamy,Paddy,34.83674125584112,26.392545687579524,5.204881510650661,DAP
16.27707575461046,63.423244925397,51.06062733315569,Loamy,Paddy,32.37735072741409,40.6948020828772,16.69368617476369,DAP
15.440576167678817,76.34292804863765,45.98942550645729,Sandy,Oil seeds,52.13354181422322,25.35251236539701,7.032768000345441,DAP
37.11432346520458,68.39339533504068,62.32820351037225,Red,Sugar cane,34.29237426001753,35.354999048779135,18.343908336769825,DAP
29.251166319733212,64.98137842299607,45.253212374170715,Clayey,Ground Nuts,37.26446375035691,25.193107268965313,27.3879301432407,DAP
30.596618111946803,62.151071543338205,38.87543905457542,Black,Ground Nuts,40.24756766597784,23.343874664598374,23.834424535605184,DAP
21.004116103401508,52.16933510888221,58.38287161022511,Red,Paddy,57.74195797346235,26.175267946603974,5.571992160155569,DAP
16.42159459585212,39.618026405568926,31.511639568249173,Sandy,Sugar cane,45.83244919444061,44.042291443522004,4.514168130179924,DAP
19.35604861135146,35.25132763049015,27.403856415126807,Black,Pulses,56.66682195880413,23.191218579834203,19.425493945300893,DAP
21.76813494265363,40.73984636256401,62.66131641137764,Red,Sugar cane,52.44721610278434,40.94887815345606,13.871735307376222,DAP
31.49377307486045,77.80662495068717,39.270748464930904,Sandy,Paddy,51.51125559077512,23.965714057770924,8.852170477929281,DAP
19.384026160712345,44.23162286736846,38.68430483454376,Clayey,Wheat,40.04851669229376,18.596732804181364,24.92847513165205,DAP
17.689241317084004,69.10765807808176,62.99598672984304,Sandy,Sugar cane,29.798131032756476,33.967144526035824,22.01649392407624,DAP
27.574000687658994,80.12065166430517,38.75830746230742,Red,Pulses,50.655003752791814,42.946647429284425,19.75984064819301,DAP
28.03192095482565,67.85152491170537,60.935458663361395,Black,Oil seeds,38.983157460542714,15.32433250905589,9.803841175733321,DAP
32.93973151894252,39.936860344133294,28.026444156164434,Clayey,Wheat,37.653948956391346,32.55235326618609,2.765038754172969,DAP
35.60105315358557,74.17500404226283,52.988208243979045,Loamy,Oil seeds,46.593040958457564,21.691861846282706,25.9039719102439,DAP
28.06340883826985,49.81788067566442,62.53262914605264,Loamy,Oil seeds,53.65590803194178,22.790125168512418,29.50701619540989,DAP
20.52162703121403,42.21546003608015,29.628052727212086,Clayey,Wheat,25.953750418278528,21.547796180811886,15.707594556643587,DAP
20.815736719752557,63.88158771722113,39.368349879307615,Clayey,Paddy,53.82432793141366,29.320511943672038,24.62088482300338,DAP
33.53143409036901,51.4089741398806,33.36237494827384,Black,Paddy,27.96409196563574,29.463962967595258,14.000793626532252,DAP
19.20146483751237,41.97994336799,48.05889750231016,Black,Ground Nuts,51.66592641518554,23.27272213323844,23.445169432265462,DAP
17.728806612056346,81.68747115007349,52.35465807341373,Red,Paddy,43.605025344035596,29.26788575466025,0.9797718235348762,DAP
18.70803267542782,67.82048017503286,63.846036294731434,Red,Pulses,44.67660838725838,17.053513576980503,21.442598293318376,DAP
32.79215833980657,37.20201896942322,52.733406149388266,Loamy,Ground Nuts,47.68825640837339,35.44059039724046,6.944402877389647,DAP
33.73743310832975,65.59155100516108,39.93831780530821,Clayey,Paddy,33.93677308171355,25.64693050459662,3.1762295463938797,DAP
30.543927277393692,67.90799121487868,27.80432558565028,Red,Paddy,38.83407604009052,19.70438115950417,5.4533660165208575,DAP
18.594525319644852,46.00443384356933,45.731047057905855,Black,Wheat,49.85401682180478,24.530840926414864,2.871871642331919,DAP
22.200153336452377,76.82492453090168,27.00857726761821,Black,Paddy,41.26146090831398,24.497602797259535,11.388502933550107,DAP
32.30515129298712,61.564700917546595,52.09752284913178,Clayey,Oil seeds,39.99602663470784,39.73414552813647,21.94489392129417,DAP
15.185359376868755,82.15874114806425,34.485778639108446,Loamy,Sugar cane,28.766496466595058,30.014319476001546,23.043845351426466,DAP
20.73857083270306,62.37357449311593,35.9753842081035,Black,Sugar cane,56.55540518504736,41.5306545136726,6.456134391995784,DAP
15.146717998351585,83.91773935284283,63.6298883927899,Black,Paddy,38.83043541153067,25.37418295231275,21.85112563018938,DAP
18.045306110418455,54.112612598872914,49.77373816547646,Red,Paddy,40.90411040679835,44.92868466754156,23.405678054489847,DAP
30.825047812704963,41.01937893945445,62.541191338925216,Red,Paddy,31.341414766752898,21.68028237369255,18.682602097195232,DAP
32.854680982866796,41.52506320585921,47.616798704309694,Loamy,Paddy,40.47882967818457,36.726976428358476,23.916332177362882,DAP
17.305647965626164,35.82962403162989,51.468747305758264,Black,Oil seeds,46.085730468830576,22.014384992791925,4.890573414446586,DAP
34.20378573097129,83.73452980242757,30.418381471787633,Loamy,Sugar cane,33.10163248178543,42.79391393868555,26.052285718408022,DAP
16.164316862188706,36.96959168464097,47.95799464276042,Sandy,Ground Nuts,38.75132881126127,32.497571769376705,0.8595728273296355,DAP
22.2152497771975,47.39366793642118,52.90865230213171,Loamy,Pulses,37.743947125367484,15.187724130794107,16.986450472578497,DAP
27.31346264717798,63.30358232240825,55.05811777837374,Red,Ground Nuts,29.618786186838662,20.833429332950658,15.395492512703363,DAP
24.441403263392758,43.16683240445286,33.871279127692745,Loamy,Ground Nuts,36.11441029543256,17.62773892217839,7.781652022295887,DAP
25.35134870680318,51.87271394821145,59.827538218297576,Clayey,Ground Nuts,27.92337201380066,37.57405012759483,6.333778276741122,DAP
26.328313756428653,57.105351733986,38.37604715954995,Loamy,Oil seeds,38.81003103616233,19.84102075165149,15.898217607906988,DAP
33.524943573899684,73.00804648950796,31.155996187750947,Loamy,Oil seeds,30.22373144095159,25.832241790231116,8.045231032347399,DAP
34.02920076100135,64.2419315844441,38.501298635352754,Red,Paddy,53.09979231484411,44.28098095800611,7.3955971691394895,DAP
22.758151945478232,50.59559527683526,29.884460636971518,Sandy,Ground Nuts,28.889800156620435,41.25354133674141,19.4431510360237,DAP
30.48111901095799,76.21752236246748,40.879686488298965,Loamy,Ground Nuts,30.47109397481013,25.814235154246617,22.138528421927763,DAP
21.224810665580613,39.06148174033363,64.70327181951053,Black,Wheat,30.467052777570974,44.318397976993424,29.65262981890443,DAP
26.662895753386135,66.89509372764807,64.406982203627,Loamy,Ground Nuts,51.88019023596234,28.393257653896463,13.03084494423653,DAP
30.3033997936348,60.03554629183357,50.794448912599194,Black,Oil seeds,25.823637304493456,23.368142282204303,12.888685916905324,DAP
32.92888413275346,35.81001986697336,57.73521699118141,Sandy,Ground Nuts,26.404860067987826,44.7588824171593,26.697401290885875,DAP
32.96114519688008,74.57317704447595,49.098793228138206,Loamy,Pulses,42.9073503881655,23.634938965548177,1.8302142901618468,DAP
37.167932700204894,41.754007311288035,31.071016394044083,Loamy,Ground Nuts,56.13518164156723,37.97487117704729,28.317848504293735,DAP
15.030964232000965,53.905038489372544,30.7358148004357,Sandy,Oil seeds,25.643514975305905,43.29185692220915,13.92200068213514,DAP
30.20623560386002,67.61176765662204,35.04320414660671,Loamy,Pulses,47.76488370883526,18.66022240730667,6.370019228606738,DAP
17.609138793390084,84.84546092946778,32.33809604600917,Loamy,Wheat,45.794965196476014,18.79159267217001,12.34123714237768,DAP
29.322842492735166,75.3378781894563,58.680626460269764,Red,Paddy,41.894971557692706,35.18541400465634,23.323664015471568,DAP
21.80643667704217,68.19122374263625,63.612108945215994,Clayey,Oil seeds,26.764587076077323,32.306436039336255,26.71152962565798,DAP
16.59606397579622,39.493842586808036,49.036480226363445,Red,Oil seeds,36.93355000024454,27.19771612078417,27.51804199733042,DAP
21.747128693143225,61.27351536779466,52.9133114202068,Red,Ground Nuts,56.50924389207246,35.290832036181726,23.765735844050283,DAP
36.75626681273799,49.7912048748268,25.044483767847495,Black,Paddy,34.518409578936954,34.85503755341995,6.536741388802319,DAP
25.17443026135563,37.12349546282666,52.38504777059865,Red,Wheat,56.59469286558746,18.82108420343643,25.117890214155263,DAP
34.12492166158114,80.9198771040779,50.99152187057199,Black,Paddy,28.62019402011692,36.868176003154716,12.060816506647221,DAP
17.719028312695038,35.00153594226912,53.4854818352242,Clayey,Pulses,37.4808661595172,15.386924093685764,7.634439948547808,DAP
33.94294767835836,79.93939448686739,47.12447884233486,Clayey,Ground Nuts,53.42903423466197,34.988035844371154,11.521279151733012,DAP
20.19173764829993,54.49498731455403,44.201895092403426,Black,Oil seeds,29.83054204570181,39.891685989648735,2.4311583139517037,DAP
17.015946232477024,38.290588034528824,60.65272825441195,Sandy,Wheat,41.2334987404688,29.293838137181986,9.600819496871758,DAP
26.247822832075258,77.97781984589685,48.69205484248383,Clayey,Pulses,49.31288204835614,37.15517635531556,10.940120287030098,DAP
17.7499259482973,63.632142655779234,35.269739852390316,Black,Oil seeds,53.143348437175746,44.840524955894615,12.778131254008184,DAP
32.94800084302365,68.68508667710782,55.69995322362821,Black,Pulses,35.763542842165975,38.89525559171125,14.761634681472017,DAP
20.198763526138997,62.55254766474662,45.94254318119423,Sandy,Ground Nuts,34.87918646445265,23.335354896196964,8.942269515744684,DAP
29.993719907936594,76.62085917051263,64.01892113256088,Loamy,Pulses,41.59575036951952,16.44276931236106,2.0008164421634653,DAP
36.44852555510637,61.16065274854374,35.87146064320517,Red,Wheat,38.97083780788569,34.588489744135266,17.957853222140123,DAP
37.47172856053905,62.23861134913944,30.42753271169117,Red,Wheat,56.277233867114674,42.23206299532538,2.239152932382864,DAP
31.10993138059959,73.52236105369948,38.49211345869946,Sandy,Oil seeds,57.955189845687684,36.971653397926644,15.891418983251029,DAP
32.63012827309743,70.10537270568963,38.25408874945268,Loamy,Pulses,48.648201577247555,37.68761374267303,11.878116785878495,DAP
23.510564055284767,62.523588855147025,56.60059366239528,Sandy,Paddy,36.129389296911725,25.368749807292048,17.391934984025763,DAP
25.734746156662858,38.83614134264426,31.642100859261454,Red,Oil seeds,27.13866336668713,18.190118920446814,14.979088380429758,DAP
35.071066660049276,57.6043298405683,64.43221283400823,Red,Sugar cane,25.00652848597321,33.4928453211561,18.419383688201812,DAP
16.41326467300811,75.68616718611136,62.6201581151761,Loamy,Wheat,47.70678851557851,19.5429694310989,28.636977865764322,DAP
28.841554880745285,64.08683237105933,41.058471163561734,Loamy,Ground Nuts,36.83295432781915,26.752273516868346,3.804720676512564,DAP
31.890410559321023,45.4415467747295,27.342612211381354,Black,Oil seeds,44.3328148236032,41.157391838415165,17.85689198158205,DAP
20.848008323231884,49.77339623133797,46.19881364085683,Red,Ground Nuts,48.74371599260546,19.450810118685503,17.783128226105543,DAP
35.21169274523703,62.91761575320568,59.79751331590756,Loamy,Wheat,38.004127896195605,30.709902481638323,18.432000222939713,DAP
34.05408943159679,39.00933784060567,44.07355510932497,Clayey,Oil seeds,47.053259440158214,38.50408680147803,24.859587183548676,DAP
17.85995435291002,78.75668093105762,63.837609984184745,Black,Oil seeds,31.200373312791896,16.208565563339953,21.661981926113558,DAP
24.721088777146043,84.78189167974041,25.41974564559778,Black,Wheat,56.32728510979361,38.5777582862674,4.474224778192123,DAP
35.09912397698342,35.6453613990496,34.067626082996945,Clayey,Ground Nuts,44.84124786873376,33.31132485954983,10.546267801490941,DAP
16.255004390502076,64.97305698293583,61.09613104442699,Black,Sugar cane,38.41253780815381,28.27732037798446,6.4899833289248114,DAP
25.146462701304543,44.970579887926746,35.57887266668763,Loamy,Wheat,42.62414435291602,21.545229887798197,2.043270741705676,DAP
25.24389009749106,35.72835773756395,34.89598988233383,Black,Wheat,55.32023525937635,27.453748186041633,4.938852847760062,DAP
28.14697593810771,44.241919897351245,27.38348389412575,Loamy,Pulses,46.15257619001699,30.702041127660245,22.910768080509616,DAP
30.330005463939806,39.00528633048011,42.67334819207818,Black,Paddy,30.717836543944706,21.06881847474611,5.533771531796501,DAP
23.857359864929684,77.74028893996308,63.09661223986574,Red,Pulses,55.924765492956666,20.82488607138247,8.1185998408079,DAP
16.42695259000075,38.55778394389549,47.95463398708385,Clayey,Oil seeds,44.810644871073734,31.736210269802196,26.34100538533371,DAP
16.119981513198386,39.90038423903705,26.762634462815257,Sandy,Sugar cane,31.4846897616739,34.36716544282284,16.238103328250343,DAP
36.757330466448785,77.10826883251906,36.864499286283724,Loamy,Paddy,27.701563557926377,18.80833241264918,5.096612196571718,DAP
26.92691883931188,47.29237212467002,39.32558866116578,Loamy,Paddy,59.632686668451285,43.46942001141004,20.529427467760343,DAP
23.789207921149092,62.736590164117715,28.07032247554952,Black,Wheat,25.146560526978526,34.254585504043064,20.113030013907526,DAP
24.55518901361806,36.200252242244446,38.41486424869849,Clayey,Oil seeds,31.197878938905145,43.7016130166805,2.952725673041062,DAP
18.898594112919348,37.54874385112212,49.70116460249246,Red,Oil seeds,32.2724197336592,18.37093445846957,17.630910548626378,DAP
21.453818704472067,52.4968926785357,56.29703248851151,Clayey,Ground Nuts,59.738011705668995,41.22922002411242,7.220115442714592,DAP
26.267020964508124,66.53587222459646,54.587315910524325,Red,Ground Nuts,46.42965179928554,20.843204930616775,0.5002744046951746,DAP
24.660253098800247,63.917988155827004,58.304470933045245,Loamy,Pulses,53.14579477443594,16.78851976033977,25.992695506191005,DAP
18.219709664600547,55.79092840092055,46.943536602187535,Red,Pulses,39.095881966139075,44.89578926395858,15.588350274090224,DAP
24.10802222686915,41.65048994536644,31.349470534972383,Sandy,Wheat,58.22455871859659,42.21125881245065,26.38804490135286,DAP
19.791253970195914,52.77196686820309,51.76876119699467,Black,Sugar cane,41.93308889512265,25.734337480067794,12.551686001350005,DAP
28.238648858721888,43.07289170321201,43.869593500737565,Black,Pulses,44.37151216734475,21.303215787370554,17.108608161941714,DAP
23.16113267749274,74.01063242678168,47.55571684221609,Clayey,Sugar cane,34.14068513788011,32.0217283246822,20.848593580291432,DAP
26.803026892486827,41.52522798187199,42.62156639491979,Red,Wheat,36.10569170971703,16.8278616516216,27.358787525988994,DAP
19.203276817711025,50.95225371661199,41.620562522482636,Black,Paddy,56.7805281281241,17.739264076340106,7.277347982214755,DAP
17.407547322317267,41.429824298027626,47.95402391900107,Red,Oil seeds,27.13156765848227,36.432423044114934,0.927926441806981,DAP
17.883633032379084,47.68063854298541,50.683460294095966,Loamy,Wheat,34.64377984992979,18.650859201800166,14.835633753612237,DAP
22.269786728395076,66.34842172643583,57.33579529216092,Loamy,Pulses,46.40762467864974,22.67231104644901,8.87242687785062,DAP
18.78627180443961,44.058592542501,56.62764407600672,Clayey,Sugar cane,38.46564017776058,32.82148396700433,13.079855417117574,DAP
16.549668045004292,76.57703931688329,32.09306212895758,Loamy,Ground Nuts,50.30750726173841,36.44698602273941,23.180129643845,DAP
15.336006933504306,53.01877461815853,49.19357717450325,Loamy,Ground Nuts,38.56079535728885,24.26406826048846,25.90439684738439,DAP
21.117946941131134,51.63904344803977,47.29619857256749,Loamy,Oil seeds,49.74553529954068,39.23153459944439,19.877037532163552,DAP
36.43002927627969,84.84747087058349,53.80629843723761,Sandy,Paddy,35.05274232218028,16.47662743622285,26.392572068830308,DAP
20.892404832105164,46.03255298108742,30.52501172560989,Loamy,Ground Nuts,55.06891151764208,35.246796091624645,15.001747775732602,DAP
32.43492968325798,73.00027724810492,37.503920996332006,Clayey,Oil seeds,39.3738921553599,44.29683069968713,6.290708322906026,DAP
21.977867503470062,74.09454564984449,55.63434575538968,Sandy,Oil seeds,49.20794781532895,26.806660083189467,28.969169258004012,DAP
30.449303762613397,71.46549002386031,48.00242293835259,Loamy,Pulses,32.23862625966887,24.365692097073882,15.133678250080662,DAP
29.84002724442727,72.26073713454173,34.288987636053726,Sandy,Ground Nuts,39.186387622643366,20.958948415856074,8.074847129748875,DAP
33.286334404941016,51.18654128052118,55.60775335017568,Black,Wheat,30.010647523391754,34.24705700054983,19.731484418278605,DAP
16.435920527388948,59.30868270524415,29.360544625637147,Loamy,Wheat,33.69889373245991,39.26478970475052,9.508278653018442,DAP
21.9567253016138,77.93490606222869,59.28923749479164,Clayey,Paddy,51.762783263470574,35.709685407021865,4.400853420455446,DAP
22.62718752948018,60.028965871541565,50.829001734042144,Black,Pulses,42.869964305497625,24.36192133956062,3.598588251929095,DAP
34.812615060196904,41.86500163577851,63.09547009594898,Black,Ground Nuts,36.50879162470133,37.55475437870044,19.8694121619216,DAP
21.657140584268788,74.16077273283393,57.12979618659225,Red,Pulses,59.529708994004366,17.458972039309867,17.93519960537055,DAP
35.079992381349676,43.44292316851975,27.145391660833234,Red,Wheat,50.11127467141692,40.47294059876028,14.26427145698201,DAP
33.872699202881535,68.83223174099237,50.44189369356506,Sandy,Pulses,39.06275972882986,24.23622375823102,17.33483914534307,DAP
33.240449652525086,84.0620798727731,62.29955694359207,Clayey,Oil seeds,57.68530799961871,29.06369641520373,12.066712045413372,DAP
23.348605329289047,78.96397780785034,54.0148640093943,Black,Sugar cane,28.940666328521807,41.59141085880425,12.23334103218488,DAP
29.52164748579766,48.527962824399566,34.95167154956708,Clayey,Paddy,57.97203768210084,38.26515890156998,8.948173627023682,DAP
35.96483869491457,46.075863605655286,27.246480396132526,Loamy,Paddy,33.94736828283766,20.1478910119557,15.826909469982596,DAP
25.63965158341852,36.66339855846792,29.87552330129082,Loamy,Wheat,39.55514687927817,26.90265169366588,1.8938972762389938,DAP
25.379132123681632,78.45874287015437,46.20249820206929,Clayey,Sugar cane,41.379316186731515,39.528701349134586,12.321277361749987,DAP
29.921183619585417,55.94848868897622,43.321144663354744,Loamy,Paddy,33.98265225151335,30.386242269158032,22.563429980909245,DAP
28.709152662501857,84.78672260256616,42.41049118626215,Sandy,Oil seeds,57.224199027251686,16.641981207749577,10.350505197736982,DAP
34.82775127926173,40.270264297808346,47.152937625349026,Clayey,Paddy,42.95427724373176,39.666843377310315,8.441789465164891,DAP
31.85576130863211,78.8096239134778,53.91138402486085,Clayey,Sugar cane,33.114445210015425,24.231084401695316,21.166881349490733,DAP
16.67908263669143,72.20142901738384,53.440038477992445,Loamy,Sugar cane,33.20748171859328,42.535226492806586,22.48137050172468,DAP
19.36713256920616,36.94789231742321,40.67243578468687,Clayey,Sugar cane,53.08406245579635,28.325502206350997,10.237333492731619,DAP
35.18139891187288,73.65917506293792,51.86350971755704,Loamy,Sugar cane,26.11028721356109,16.130931747445583,16.04900020228332,DAP
27.93587560471218,48.972265365945134,56.300005775211744,Clayey,Oil seeds,56.02758843246659,40.887671805329674,11.959274826391919,DAP
27.29720123073705,77.9380714919352,38.035253704631614,Red,Pulses,58.391479277733005,15.548252091705187,3.6563850534415088,DAP
15.013752593200293,50.390957501305955,34.64660857231048,Sandy,Ground Nuts,33.17485763740139,20.61372811231505,2.0455985929638807,DAP
24.600079993570404,53.84334401735943,60.03619699999578,Loamy,Wheat,56.68546496536804,24.904678509468134,14.788709149675801,DAP
36.928266225788185,38.011347245014875,36.90601110273121,Black,Pulses,35.432317040950146,19.92860529817228,9.612038584206447,DAP
22.504489486085767,36.03790160619821,55.435439106860386,Sandy,Pulses,26.495886212168298,18.559818434236163,25.939570638082373,DAP
25.960108829141458,71.89402075843711,30.56008820796311,Red,Wheat,40.402487627327446,21.36856925005774,14.485538232303144,DAP
34.23768122866971,60.12328248813827,25.575249439366118,Red,Sugar cane,53.10434554581863,33.17778586242742,29.423814162437544,DAP
23.672240413039074,54.666033519259436,46.78221298618702,Clayey,Wheat,30.59579171782545,20.026996179135196,20.73739991357968,DAP
26.576938003941542,74.82202807617386,54.57876932954909,Black,Sugar cane,47.59370247436828,31.41136036846733,4.6731978174051045,DAP
20.071702104142904,44.29807537787089,63.03274639665726,Sandy,Ground Nuts,32.34641703551807,44.088478167130134,7.827557389505042,DAP
19.119183604548176,54.61088967167701,62.911187918769194,Clayey,Sugar cane,29.941967223801473,18.26047618124076,22.905475310046366,DAP
31.055489627051138,61.99982402265491,53.997896048282314,Black,Paddy,38.508474514945775,47.37152998614362,40.933284890125826,20-20
29.841543836448785,72.3425546095989,59.609722644416024,Black,Maize,41.855913694285555,52.78924830763588,45.1421821793121,20-20
32.02171811565712,64.10836762564955,51.558090831814,Clayey,Wheat,32.255145862460594,54.03228474501147,37.77992558405285,20-20
27.594721465762824,72.65348189348796,52.59535343112346,Black,Maize,40.78247555252209,46.37996856959633,47.77932565450615,20-20
31.615958266204316,46.305552670641674,38.29589341222349,Black,Paddy,51.51051903063969,45.51610374727096,35.28788988277588,20-20
29.730797102960643,51.063545904143965,36.672225607623254,Loamy,Paddy,43.29438284644351,36.6042172615564,32.2241144821952,20-20
20.50177526861407,50.42920324235453,37.69278501680471,Black,Paddy,52.32478794058946,39.51580656592934,25.181411295519354,20-20
23.230544521125125,72.41208459363929,39.85083659821961,Loamy,Wheat,53.97496959154998,47.24698325400489,31.17383130968265,20-20
33.03613836914491,59.389763942609584,51.036776574689256,Black,Cotton,30.863740011051995,52.49467453346543,29.98688086154976,20-20
24.325398334369233,66.59382804499359,45.16470447268422,Clayey,Paddy,53.56187339917008,42.9228772772026,47.13783306996401,20-20
18.843300441941206,48.997194226622305,48.9510900266273,Loamy,Wheat,31.80935618414563,52.57624093161176,47.31715561906456,20-20
23.816254201902215,73.65427562481483,48.34557298482623,Loamy,Paddy,39.6714520134785,52.286454190364154,35.54949617025716,20-20
30.95696798208796,68.41323514228102,45.25547125751775,Loamy,Wheat,38.0108299396114,35.89766055027431,50.454153232187934,20-20
28.594576342156117,65.95695506081611,59.15291936123405,Black,Wheat,50.35118946689927,26.537903775279943,36.851600135703876,20-20
29.453855906329526,55.76226350232775,57.46889452581196,Loamy,Wheat,35.70947288405992,30.592594145619238,44.04232423312089,20-20
27.27683146982144,47.142253599131024,43.75733520493422,Loamy,Wheat,47.45826125745497,31.480943211792166,39.47803706984562,20-20
34.27129215317653,54.94867658761201,49.25301022075161,Black,Wheat,51.938656485550574,46.21836735717001,40.75148020736154,20-20
29.334436007579026,57.88397600657717,47.862928733440505,Loamy,Maize,26.613458925321336,35.73883583598294,25.662575359035394,20-20
24.590817632263114,44.84288703108665,57.14504811610531,Black,Paddy,50.70893244328717,39.77086910558877,53.161439061221046,20-20
34.581976250640665,60.07471480093485,45.24923338071805,Black,Wheat,44.45393670700712,51.92191954964759,27.053221277278784,20-20
23.57332824405891,68.55108832191424,52.919371349921356,Black,Paddy,36.809065608323266,50.636421796065406,39.20306978125064,20-20
32.784044641806915,43.0847050841842,58.303953116258924,Black,Cotton,50.42642899164209,37.91039597116601,30.454529585120163,20-20
30.012270192901703,58.73717188215799,54.05970040124963,Loamy,Cotton,30.894609008686334,26.24491976529719,31.352375861572586,20-20
27.515659242672474,70.02772198990651,55.00782342376042,Black,Paddy,38.06188970199254,46.57735601727495,53.593603431824135,20-20
19.576151783774588,58.62780061996679,59.64924709336866,Loamy,Paddy,28.041395274095905,49.34716013054644,48.75673971387188,20-20
18.974275270178275,46.110644793651524,56.222788254857974,Clayey,Wheat,46.35333834972849,42.48058439663748,51.950658255029964,20-20
20.064053393584526,65.23963250748884,40.513539953237036,Loamy,Wheat,34.85156498849816,25.742946327284535,39.616360207657415,20-20
26.987162267817688,51.70548844913364,50.579380779269094,Loamy,Wheat,30.926677170354345,30.573308640961233,49.1552319208113,20-20
25.416182448071673,63.040760382712165,48.13150474800624,Clayey,Paddy,33.30262395853926,35.410070062365996,41.74513551671322,20-20
33.684967373260726,57.58301369902334,44.83651982054776,Black,Maize,47.11397241869918,39.243070181309534,26.101388304491998,20-20
18.695877054363873,41.73815220109016,53.70557585522464,Loamy,Paddy,26.893191073466387,45.18267958740772,34.73827505530485,20-20
21.05319628448163,49.847271764884454,48.72725996751295,Black,Maize,39.26157566066447,47.50459688294538,48.49000694041606,20-20
22.341006953891323,68.9791762225788,46.339821158784595,Loamy,Paddy,54.435446763815264,48.75806868891292,38.98759844583506,20-20
25.22420982406132,53.40091015494642,56.572268615324354,Clayey,Cotton,41.425536521799835,32.526709496023145,53.31334334105107,20-20
24.68544524668666,61.58494476763716,60.82396810746485,Loamy,Wheat,35.38590660040983,35.505960430696575,44.61360253373385,20-20
24.235571450986562,43.482313410553765,57.99787834136155,Clayey,Cotton,53.98822893244558,50.95213298126181,54.10223370000121,20-20
29.91471685314596,49.98220309381449,53.923112605178616,Black,Paddy,38.66948648319632,47.73329681125474,39.46052019330797,20-20
23.406673398806838,72.36246268950228,36.68672884552917,Black,Wheat,39.56902895240021,43.310890234544715,52.384024012235855,20-20
22.245651046899038,52.01464211725569,60.561452474140786,Clayey,Paddy,41.776543953053746,27.987391406200867,40.4422658127034,20-20
34.382648207679836,53.194515855039455,53.09639186298513,Clayey,Paddy,27.391452195618548,52.97700126117883,45.493428571691396,20-20
30.68505385538863,68.0713394599004,39.81781085129926,Loamy,Cotton,41.120214905295434,46.5770325713244,30.758663169871774,20-20
23.375657083576613,69.57397987740354,49.28967056620713,Clayey,Paddy,45.09263353654744,33.94020571581267,37.07119152167403,20-20
20.63257875933996,53.0549942448402,41.27111112157767,Loamy,Paddy,45.873849008222365,54.86532904047599,53.32626515038323,20-20
22.293016623819554,55.49902796345135,60.418082298881714,Clayey,Paddy,31.1801703565612,35.25597306394453,53.56286954958772,20-20
32.25635108807736,68.29996869515867,44.537140213198505,Loamy,Paddy,25.263316358437883,34.05428108988081,36.46398726477963,20-20
26.591209360600804,54.10609589489578,54.03669403224574,Black,Cotton,43.63558966582249,54.308966383798676,28.622399076900404,20-20
25.56965842099998,57.08411402018072,59.3918839164236,Clayey,Paddy,27.976887882839403,43.85506510708612,37.85932837625595,20-20
28.666954279023237,72.32826931423784,64.92554393518024,Loamy,Maize,25.973532303720273,34.30921347375092,32.06764684734033,20-20
22.118371678941045,47.12207980943594,63.636615272525,Clayey,Paddy,52.555648083115535,35.16439064814544,26.409775030093524,20-20
22.063247089321038,62.010551394586145,54.21142239932723,Loamy,Maize,50.51512684985791,41.277199808978665,47.226078051556534,20-20
22.657809286231306,60.756966648857514,49.676817642497575,Loamy,Wheat,29.000334019491113,33.75080352164758,32.27632829748912,20-20
26.063247302763315,45.88070182674375,45.64391868969166,Black,Wheat,36.99949054880706,42.499217445526135,26.721755310648206,20-20
20.57962952020189,60.92328046905299,54.942176147325384,Clayey,Maize,37.580040412578654,37.32194630473036,46.0329276209281,20-20
18.12500175742526,64.2102039947141,54.84028036834174,Clayey,Maize,26.152026319790338,54.37095522375002,36.047503221853994,20-20
26.53307188724131,71.84755553559015,56.51785627597269,Black,Paddy,42.46210393372671,50.930987993679196,48.93414044023218,20-20
26.082881304875045,66.49246807695044,55.673632714872745,Clayey,Cotton,50.909231572514685,37.80574986385268,54.904275420433265,20-20
25.091792742586936,70.72122917019186,41.11983810828162,Loamy,Cotton,49.79393828476549,26.638309096404072,41.73066073556358,20-20
22.9449065219369,56.42923946962404,60.73573350552467,Clayey,Cotton,34.147093731551905,28.872137407926445,30.78029189460101,20-20
21.42390725662699,40.334017357352934,37.25904300795409,Black,Cotton,36.27557395545938,25.21426245304735,49.61633943237962,20-20
21.045786610932566,71.18990321277283,48.810661194044805,Loamy,Paddy,46.290140305135736,26.50526050959922,54.51134749627455,20-20
34.344047187201866,62.25687679984084,57.97605276987595,Black,Maize,27.376394500251124,25.583441511042434,26.411751383800567,20-20
25.04494276121442,72.7539146690988,48.71178977797329,Loamy,Wheat,33.707653161175884,28.358037344043677,41.8580576055899,20-20
25.35827865797193,58.74398655842294,49.309501778529615,Black,Maize,36.67625855870317,51.818005320099715,51.62273606111081,20-20
28.456185818249864,72.44176467510525,63.86175496824055,Loamy,Paddy,40.26877121266143,33.36082947785577,38.5847441585298,20-20
26.028224482067696,51.35151076979383,63.56431751229054,Black,Cotton,49.70936784259273,42.62880959845326,46.27004533979139,20-20
24.6685397059003,55.664314928712166,56.90005163242584,Loamy,Wheat,35.73264289881143,27.230038266582145,26.917028261451215,20-20
23.15473632535226,73.82954537831904,63.34122145017445,Loamy,Cotton,35.04634870410955,52.28786173332833,42.12561808836285,20-20
31.78162069573906,73.19293434761217,37.73977203000671,Loamy,Maize,29.84343058098763,41.126204309210394,53.82238908314066,20-20
22.379743978979995,55.74802859941009,55.787267330743035,Clayey,Maize,46.99481134410399,33.62533598151277,54.862645387763685,20-20
27.066500313613286,54.197584080653314,40.074856815272604,Loamy,Cotton,54.323696895515276,39.94999084882711,50.59951559999758,20-20
22.618291253182143,43.631472023754974,43.86266108941295,Black,Paddy,27.716784028027615,28.999804490277256,45.040097522290424,20-20
31.892247862352896,40.47815899147133,61.87179066545344,Loamy,Maize,25.868329502301012,25.97167413327985,32.1893735487267,20-20
27.800311353377722,51.972430213014434,59.29936231050417,Clayey,Maize,32.148690116592746,40.13508772164507,31.731489393993865,20-20
18.154479594170677,62.69041345545806,50.33281464417194,Black,Maize,38.36553443479484,42.135975518887406,54.00905543854946,20-20
20.370654015487723,59.92222620952997,61.03938880192709,Black,Paddy,42.49317271839694,36.16130703436622,46.54042534381004,20-20
25.784305017160214,53.806778679360015,61.01180547136842,Loamy,Wheat,32.31985907057417,53.74414359413488,54.00202682605324,20-20
23.916883243114448,71.34445093058598,63.99866662688322,Black,Maize,38.30317308508132,40.78282039754626,34.62991136922693,20-20
22.649066761374655,65.77656111166755,36.54972071343923,Loamy,Maize,26.478834782932495,35.604195761821614,36.588631154366354,20-20
26.34733596537147,51.225675380904995,40.76773755404276,Black,Maize,34.284086472658025,37.333402509845456,54.247128184307044,20-20
27.80126482916938,74.41692689449793,42.24803829307289,Clayey,Maize,45.43846331597301,43.219732503791974,46.47954080625172,20-20
29.5068286890688,42.24331488626614,52.88427948649691,Black,Wheat,47.187435316652284,50.24866022628322,31.329096718598514,20-20
32.3448186821912,56.11151677249678,41.52763819794934,Loamy,Paddy,29.01334434981904,27.1799676274347,53.599215027471175,20-20
21.741531122803632,48.88946636816887,61.33076536483544,Clayey,Cotton,27.68698072948932,33.13426760141764,46.46092345686669,20-20
30.280993535880256,40.258716550550254,50.27406238764797,Clayey,Maize,29.179584471341393,51.14757648587219,50.9868109173603,20-20
25.55472551366837,50.61490287915845,56.49818896880093,Loamy,Paddy,35.759840890793775,37.966931785135245,33.03377423567901,20-20
30.692254478951465,40.44087404451254,54.33455184561782,Black,Cotton,30.48593580264617,44.068959959201194,31.972121386432395,20-20
31.22119731423336,47.90438712781872,40.280742651234014,Clayey,Maize,50.98698610803011,29.111584084844665,38.32551843764513,20-20
31.873569999542443,74.43672273640072,62.29231060138052,Loamy,Paddy,50.55371015981625,28.13246108494354,26.577231934330094,20-20
27.035147186790955,56.02871250713374,46.90367976243753,Loamy,Wheat,37.93631454592987,25.062295528002437,42.07893802404386,20-20
27.848327847403837,71.1150213785133,52.07914953236606,Clayey,Cotton,43.95167254979752,26.53496519336428,40.562435413441285,20-20
26.36402940034541,50.858234931064665,40.45290793283583,Loamy,Paddy,40.12398525755315,32.74322929520244,34.68429380343551,20-20
20.265832387396944,72.47110065763925,61.031062937577175,Black,Paddy,46.22861757221606,48.27631763409079,28.186414827653685,20-20
31.051998501143743,43.98880604917344,54.317238712032946,Black,Wheat,50.02974387248196,44.392221256842674,42.32060203659003,20-20
26.988024438028894,41.20319004231038,54.16889065919854,Black,Maize,27.443416386734775,33.77965293002224,38.050437830206704,20-20
20.26807770389452,64.20751906906614,58.85034610785411,Black,Wheat,29.900633492294695,29.365464483620777,28.129392620556466,20-20
29.33790209847269,49.350042445472724,62.319949861516655,Loamy,Maize,38.07016198366871,47.26896270201833,28.872585854273854,20-20
23.367637842228632,61.7531553411917,41.59585869106931,Loamy,Maize,38.345180780215884,29.006026994822484,51.98237566501976,20-20
31.959421220245904,73.93218147921624,48.61778409265388,Black,Cotton,40.20998860430042,52.97044424901132,42.16515885351309,20-20
20.900219118567954,55.28652362464763,48.920012845892785,Black,Wheat,48.6728833494627,44.62661386087039,43.08678647816306,20-20
19.274320738990223,47.80534382368066,47.236878121146404,Clayey,Wheat,35.43347209146661,27.753328194135275,25.649366840409506,20-20
32.94851587716353,57.99794539430921,51.17573238540899,Clayey,Maize,32.65280298497138,47.55383762101769,48.03629090901134,20-20
24.158989330003482,68.92366090601944,56.04497304395498,Black,Cotton,38.78030966781869,37.80684183469908,26.653046054764932,20-20
34.096963337797405,49.63095393708238,46.93881039142271,Clayey,Wheat,52.94436977790042,52.416288709653884,35.146929019518545,20-20
29.25078238576522,68.59116013264588,57.486366926632556,Loamy,Wheat,45.986027728465714,26.71283013723831,34.207932189436974,20-20
29.33791174846641,43.58852193797305,35.35753948934726,Clayey,Maize,29.19077117808816,54.18381104969332,46.47207779232386,20-20
19.308476111136294,63.47677589050625,59.637782611185365,Clayey,Paddy,32.33965163814139,50.16518010295811,37.63902644900094,20-20
22.13405966449184,59.26997220894775,40.77479451907481,Black,Wheat,28.056362924186697,49.615225126963274,52.333615041758726,20-20
25.446749290391523,51.98382931535509,51.39429083076129,Loamy,Wheat,27.740597281706677,42.47305230664888,47.69939648057196,20-20
24.819515481360558,73.17286231050599,46.897717231589894,Clayey,Wheat,28.74610230717768,28.284729176633864,40.76335379086539,20-20
34.97141886170627,58.94769234386462,43.52175167121287,Loamy,Maize,54.84324863721719,38.222171232527906,53.99676755665429,20-20
32.25279384756723,65.0467250940125,55.608243050105315,Black,Wheat,51.793412239674176,33.513938291246475,45.682514016139734,20-20
23.198829691822286,66.57336428799482,53.59243563474698,Loamy,Maize,27.322346559542517,35.29902907587223,40.38506087305426,20-20
28.238357140413374,51.28136885642987,58.30681244614618,Black,Cotton,27.12374308033523,49.275844109702234,44.81164757187476,20-20
26.452896315339927,73.26074548076633,43.998154693941906,Loamy,Wheat,25.575036625749334,25.990358077009816,37.959681143903225,20-20
21.568606777716877,67.61244583821079,58.23716249523095,Loamy,Cotton,31.531866990488005,26.442369054593506,43.63679591440502,20-20
18.249001163632276,72.24003580632947,64.28258072598715,Clayey,Wheat,31.668482999157558,47.611605296863885,31.243181037891183,20-20
33.21630150575137,60.087519764304375,45.52332869030936,Loamy,Maize,49.9808123904826,52.34898741125427,39.80220101240185,20-20
20.812142586182958,40.08131921461756,64.51792820427207,Clayey,Maize,52.18412608382438,49.9910279182321,26.663357071115243,20-20
22.40234728542458,70.75612832869254,40.90001697170922,Black,Cotton,53.418999982602,43.410495631862304,31.168644630980232,20-20
34.07715684349742,63.68870152705165,44.04760609620655,Loamy,Maize,30.649075747513194,27.79052227788025,34.11205138675298,20-20
19.77922748589018,54.80302403095452,58.867351287727594,Loamy,Cotton,29.241506626490207,44.30286848551992,28.909612995170075,20-20
27.264698727700306,43.03740339227467,42.10548411789639,Black,Cotton,29.948020805581933,35.976978958534225,28.73845189567374,20-20
21.71115290079571,41.91426111016937,35.530101343863016,Clayey,Maize,28.083047279493453,37.929511865446095,30.165924382708994,20-20
32.15064770893243,74.70685200364298,39.90848612414829,Clayey,Wheat,45.75332917425947,54.39866342074835,45.22880721100074,20-20
29.6735363993102,48.5265177193768,58.95667514391797,Loamy,Maize,28.210874026331144,52.30588372434089,48.42097912514886,20-20
21.701727982178372,42.74055846678451,52.20295476066983,Loamy,Cotton,27.950347647706394,53.214915955390325,38.478236408699495,20-20
22.068648871305097,61.8439697015979,49.222287923235726,Black,Wheat,51.27055382758318,25.111072204972505,33.1429259282816,20-20
23.941887619879765,51.0502395419671,58.74088757368658,Loamy,Paddy,45.41681998416513,38.7323145149864,33.98668958844692,20-20
33.26848956194171,72.73986885569869,64.39410606142815,Black,Wheat,51.05658492357513,26.385894496048866,30.218826630886767,20-20
33.514285457012875,46.207297658091,35.211287438724256,Loamy,Paddy,49.16488138096733,37.411180957300914,27.30387052860202,20-20
22.025558952755063,42.93868972063544,58.10063685367486,Black,Paddy,43.905252546611244,35.32924099959878,54.65471453460414,20-20
30.483950600700027,58.260669659863595,41.39611794167405,Loamy,Wheat,48.451869670142784,32.819849644988096,31.112664575498314,20-20
24.790348743524525,54.66252283780966,50.43685371044895,Clayey,Cotton,46.26892801371332,29.13202296663426,52.18302786041278,20-20
18.315030971103667,45.026748232408565,54.73848457344878,Loamy,Wheat,46.8243123398949,32.31124635713028,48.595171405843665,20-20
26.21328897461349,42.21140839010793,53.33424569633738,Black,Maize,54.51205101027273,47.58542425274152,35.82418934134007,20-20
20.172801354126506,60.378310708090524,43.99622805332195,Black,Maize,26.032096253603747,50.76797047974183,44.04789190353232,20-20
24.635024302617097,71.1857589038524,59.40826440102067,Black,Cotton,46.44858470655332,52.306499648999335,32.46391191259444,20-20
28.655098830092772,41.008041319128154,54.31159418974838,Loamy,Paddy,33.314330556200794,35.3579365617116,38.4903093155116,20-20
28.573673431595857,70.86914442992126,63.7725272684721,Clayey,Maize,30.770390894617453,44.93018099817047,46.5211832218892,20-20
18.32468638901334,64.14269365595031,63.36484581678501,Black,Wheat,43.96360365746954,40.754616823348854,38.058781725629025,20-20
30.75925078381354,66.12469405034471,39.36551901162275,Clayey,Wheat,51.33935147498977,54.46768182809845,33.075692184199156,20-20
21.024028998486493,52.31020389709783,48.20540986091579,Clayey,Cotton,27.079233191148845,42.92897319606701,42.34655143669869,20-20
18.495888168942635,58.943337505184054,36.587222998119934,Loamy,Maize,46.0343265989996,52.351835450248984,26.671839571029533,20-20
26.62562600644767,55.45263731484113,38.92017891239787,Black,Paddy,33.729981686939894,52.13358434687481,51.06877315062689,20-20
28.10031865511837,65.17552131587898,53.56240947372819,Black,Wheat,27.450392945990618,32.510208021441585,31.531746963967066,20-20
25.874390417251647,57.03898741794329,63.04679139663526,Black,Cotton,44.11257666564147,38.69526566024599,51.960031046579914,20-20
28.59021875111749,55.64059683201536,58.3395491471281,Loamy,Wheat,31.614114429981093,37.18996692891304,29.936981752880047,20-20
30.077170855211,54.66232686775216,50.51816509262932,Loamy,Maize,27.52639033531295,44.99221914084757,54.5372768912834,20-20
19.861200223172897,73.80428340826543,40.24354963650098,Loamy,Cotton,44.440909541656424,46.526841479456074,32.36363387616791,20-20
29.448135391494354,61.50748110893174,61.77407281856035,Clayey,Wheat,27.358801329692742,32.44862438892538,34.92744297340586,20-20
30.45441588708678,63.96538073583516,41.36243712432133,Black,Cotton,32.16993040634654,37.333818347781374,33.438536906591025,20-20
18.33407520669641,70.77875698825184,63.96829494142652,Black,Maize,35.24711161094704,25.21275438323113,35.155206382764185,20-20
32.032478227726685,45.13129051260011,39.78999048101452,Clayey,Wheat,48.702497499143135,26.34581672883151,43.48872245062434,20-20
23.251601288344023,52.90538044147961,58.0919425489064,Black,Maize,49.32805578017832,53.41458808019064,37.01069880519492,20-20
31.121212598911868,56.935704259749066,61.925969795662525,Clayey,Paddy,52.232837309505356,53.09479993930677,27.622504236132514,20-20
21.690754900988136,58.97094743832329,64.04626522588717,Clayey,Cotton,29.435573135871515,30.486791592060058,53.22628802484127,20-20
24.40913110329866,73.77250105256391,43.20626087005811,Clayey,Maize,36.98974006257261,41.094111735654195,54.48580353566261,20-20
22.382234299467854,64.54772461086546,35.43118855333333,Loamy,Cotton,26.485378891068805,35.25023721455362,42.98075761407408,20-20
25.81257061759387,57.46387804772776,37.16639556005564,Black,Cotton,45.53306083207922,47.95446549583792,40.096612445759035,20-20
20.539487815849345,62.68899339272377,40.17159086315499,Clayey,Maize,51.17183690064445,29.716116506708627,43.39348717207724,20-20
26.81221287670045,42.551445815507925,53.80498713245201,Loamy,Paddy,32.59596721038431,49.534662206985715,49.11080355631907,20-20
26.53178202741656,55.9234907904708,57.60426816339442,Black,Paddy,28.974119690257798,41.38742800392553,41.40746541379373,20-20
25.10572945361753,69.86496794985207,60.68460865983981,Clayey,Paddy,27.97712994759043,32.88086431005806,27.721626482434925,20-20
20.191343946249482,65.19988809196062,38.0349685883931,Loamy,Maize,43.69413561243476,48.66741888897601,35.682018973574344,20-20
22.660788640429104,51.20198544098518,57.894501732366834,Loamy,Paddy,49.06747537705343,37.53651989852829,36.55318368969761,20-20
22.915324213118936,55.7949812012174,38.50949139155773,Loamy,Cotton,38.59802382265064,42.4396305917516,50.59527436773401,20-20
21.258412420114663,56.60905225554947,45.844614494654365,Loamy,Maize,35.761810586382964,42.53187764768372,40.8780234443077,20-20
23.79643157886224,68.19131990642053,45.15833687337898,Loamy,Wheat,26.662989668237014,42.63706974684443,41.62562953014373,20-20
27.737132665530854,48.341802371979895,58.81865254146771,Black,Paddy,39.59448297197269,28.204629788919718,35.021366452598784,20-20
34.137779919851724,50.67848903868343,40.06577868101106,Clayey,Wheat,38.8201837496498,26.054777508135825,34.212632300807456,20-20
22.936152051233577,42.870375942286564,43.9547929422489,Loamy,Wheat,45.17085573796583,33.3433650266141,34.862803826633495,20-20
25.78199841597028,66.58320520509304,41.179645525654195,Black,Maize,46.27888381422304,37.56798933951838,25.634494700482488,20-20
23.758460248165335,59.730798550588986,41.14937698477733,Black,Wheat,47.25986173378517,50.57627934626501,26.56837309806279,20-20
32.864766539041625,52.338523445518106,56.6805072342346,Loamy,Wheat,34.57675893358565,28.79911376555123,52.177350137039426,20-20
26.381512127699636,42.86784536633512,40.87940554105286,Black,Wheat,53.31299146636043,36.28777987991266,54.29468983443661,20-20
22.58562191985404,64.58395523782096,54.76705419724571,Clayey,Wheat,54.673759573262004,45.161785079852066,32.951418622278496,20-20
19.93198265784423,40.13714312328826,64.98382043179019,Clayey,Maize,49.068210914424334,40.29178225864539,48.60169044200622,20-20
20.57149283586549,49.96361585962623,46.279136657874176,Black,Paddy,47.68930290940882,27.32450879666448,41.18985366709457,20-20
19.739647052079075,54.36745497940828,62.99578751147055,Black,Maize,44.12207443627665,38.99123783513646,49.05477699626545,20-20
30.586431047997337,44.13021093167812,57.69617501678722,Loamy,Maize,27.857468019186086,37.10877685809692,25.824116875389546,20-20
20.973026915312666,63.54255202343765,40.20188198618358,Loamy,Cotton,46.74360924875158,45.39915130268129,40.16061004713478,20-20
30.67568165284853,74.84666708679472,54.96951501877879,Clayey,Cotton,39.80439994218633,25.475555266956288,52.69521965857794,20-20
33.10869078583482,42.15861042673351,48.50192511247275,Black,Cotton,31.14158361849997,44.486288758109815,41.9955449676349,20-20
25.819688384527716,49.776881984679584,46.081734933653415,Loamy,Wheat,29.786198700652708,25.300312316774093,51.56678330756894,20-20
23.41989448884108,60.7723745537648,41.30353327820644,Loamy,Paddy,28.489951813997838,25.659454444288688,54.10350659255296,20-20
31.396597542775375,50.402493984578356,39.0687984802194,Black,Paddy,29.3688594011627,44.28419773258521,45.92294851711577,20-20
33.93717993078478,64.21745771433072,39.6755460965433,Clayey,Maize,32.30327850296232,31.27918227502626,50.265811926193436,20-20
33.1981223645857,58.25991304784214,42.88009205991454,Black,Wheat,48.0183753254689,39.51072469440382,52.7999666166061,20-20
31.412067106893755,63.86249242259591,61.66257451250817,Loamy,Cotton,45.77542038283579,52.94977749277057,32.30585016698609,20-20
22.555026751816413,58.206811270336,51.97226078212704,Clayey,Wheat,25.459317598807164,35.848219552761684,48.4171817746282,20-20
24.44781765936826,41.65287067731642,40.29319311411051,Loamy,Maize,53.67709517164547,35.64793602904049,27.112160872075425,20-20
26.385774064755523,40.138598005424996,50.03488194372471,Clayey,Paddy,36.513173739322276,29.774772519814896,54.162380064236714,20-20
32.73596525670432,71.28905701118767,62.59377715338309,Clayey,Wheat,27.845475797594684,47.21528563654956,41.32378005889303,20-20
20.87645187851328,46.563452801925834,35.31654910447702,Clayey,Paddy,27.74278806585128,51.7561939002523,41.70516084070724,20-20
23.571702840234178,44.04619637140293,46.65892836821308,Black,Cotton,26.116651137079874,45.19334044373586,52.52802088785701,20-20
33.007993765534394,56.55467077943534,50.590550934511306,Black,Wheat,30.717281395515815,52.09083620478435,38.86118028518667,20-20
19.655404394836072,50.60730164112856,54.14673245121834,Loamy,Wheat,35.50020605419536,26.968782645334528,52.851176559423756,20-20
28.044726545716948,62.845484332202844,42.669986699954435,Loamy,Maize,35.93699282559594,30.848283069104795,50.310415889949326,20-20
26.651049337962178,42.18554962408734,46.51841026712466,Loamy,Wheat,38.33322873014496,28.074889875676384,29.248517349598515,20-20
25.687656701729207,44.997497283375964,46.6830404023302,Loamy,Maize,53.551072191716116,51.04294479601188,34.59162548019563,20-20
23.953170913643337,42.91401803177212,56.73673727476455,Clayey,Maize,34.345368970419585,38.279645447812996,48.48770842772717,20-20
31.224459914725124,53.38271658715698,48.29382035968744,Clayey,Cotton,36.28571406308866,40.77839730704378,36.0202154583184,20-20
33.1069159352208,56.93474895116282,56.852674618983144,Loamy,Cotton,34.493637296003726,30.833905575469412,35.265592172759725,20-20
23.34759056576521,42.952981375347676,55.550182599895365,Clayey,Wheat,46.232596228161945,27.301701983680683,35.79977256337173,20-20
25.519702786853664,63.40348097142625,44.4624917377605,Loamy,Maize,45.47797839343916,32.124581270865995,51.144656252721646,20-20
24.56825833132572,49.35405398014716,47.64533547530871,Black,Paddy,27.831924277115775,37.43302140904994,28.77117719536347,20-20
33.305308072766344,63.26862967506948,38.15658665714509,Clayey,Wheat,45.16059286541605,49.17291754879994,44.06283762108916,20-20
25.040235747844672,64.42525383732504,43.04751076766932,Clayey,Maize,54.98008839950513,25.303432949825073,30.2600272413058,20-20
31.189828922250154,55.637428677787405,48.425007434312846,Clayey,Paddy,53.65068758835005,34.33584213412028,52.58904724084223,20-20
32.42419756887357,71.71066748655271,51.24790768395461,Clayey,Maize,43.882711333513015,49.02408063935574,32.7074285407688,20-20
26.559729692065943,42.10379946274385,62.47804887533461,Black,Maize,43.463542611532176,43.19158350949158,30.78073284078904,20-20
26.938095723614833,65.13356082846079,52.44361843785873,Loamy,Paddy,53.433087460964444,28.187371254086816,26.610912357979206,20-20
29.73290820027365,62.5958555462433,61.761765806290825,Clayey,Cotton,46.98632358651695,54.75495377390891,40.25066462693777,20-20
32.16425821635272,54.93766302678718,54.462054166272026,Black,Wheat,46.81805411357302,29.215219093257797,44.012622615710086,20-20
32.43374390603614,55.52760120795003,62.562419144127546,Black,Paddy,38.21122669075632,48.88857048828403,41.46339577789035,20-20
34.32370723050802,63.11175406799447,50.68128362202803,Black,Maize,25.707759033423876,33.97745257780481,37.4119869274099,20-20
23.98792657620267,69.98001960391676,46.881634323064006,Loamy,Maize,30.97470692791201,36.56657504475008,37.743825439942356,20-20
30.95288438763265,57.67904445104023,64.65111700164714,Black,Cotton,38.958325938277696,32.86822965444955,26.747134924608257,20-20
20.667344610484044,73.1647794213415,58.00546693453319,Clayey,Wheat,33.04861601283318,46.64347471328716,42.724136005537474,20-20
32.98780093598198,58.031727914837475,58.239578593790526,Clayey,Cotton,41.86434261482755,28.442258750145758,41.5811167013662,20-20
27.002071455381774,49.41015407426523,35.63110707381406,Black,Wheat,46.685176117006364,42.85830523312164,25.97459790070495,20-20
34.46984973982268,56.94745987716746,36.90804309133392,Loamy,Wheat,41.55063903419385,54.9054785284432,50.23288511848304,20-20
23.445078622444623,71.73286539331997,40.73726387228364,Black,Cotton,43.4628674509878,26.23247094866666,37.17143272542843,20-20
22.508884882545466,64.01319038802204,63.46371493075755,Clayey,Maize,33.041415621359135,26.660794508152286,49.34397817455046,20-20
22.443754381526713,73.13095004724185,56.789105011064535,Loamy,Wheat,31.59046400127479,48.89355308613428,38.4725017802834,20-20
29.049185668820115,66.38188707157683,53.66027566426942,Clayey,Wheat,41.20237965766587,46.82689106296602,47.488428531633204,20-20
24.116420027492804,54.20342322700951,64.11315646652292,Clayey,Maize,28.371577968745775,39.77205277613007,33.055147517585056,20-20
20.782486283405373,49.69341163436135,36.973946533857166,Loamy,Cotton,46.17955798152455,36.66024252012851,32.14628306426849,20-20
33.152336905309745,54.396560161593285,39.35675059745747,Clayey,Wheat,40.72944815020363,43.23056923152433,53.88873983945889,20-20
32.298824251960795,41.258801467469446,54.75198786131126,Clayey,Wheat,33.60300632673651,33.380355727936795,41.78850566934172,20-20
33.693868099821046,47.23251147120968,61.22327354077491,Black,Cotton,25.913734242114906,50.640251241527906,27.72629615108945,20-20
30.703014346672354,47.3296184787649,51.11250366770311,Loamy,Paddy,47.116576707139146,39.15096300673628,43.81942411030788,20-20
29.49467466870857,71.77127800844332,56.89311534721044,Loamy,Wheat,47.06390585793049,35.78393865561831,27.400548092730382,20-20
21.95426565652885,44.04270531547632,44.783181699163805,Clayey,Cotton,31.61313654677842,51.03899926006393,52.75864584379465,20-20
19.042845866225758,65.00968211326047,53.70235194008794,Black,Maize,54.11664012185487,35.091811702087284,41.76859720811131,20-20
34.64747595387678,64.37268513865607,55.15928413781153,Loamy,Cotton,32.22044769177656,47.50815488415316,47.30807552681853,20-20
26.223135150642122,50.31111665291596,42.7611521097286,Black,Cotton,25.776882107484553,41.61909849634824,33.55635233959996,20-20
22.814724424764346,70.84936163131376,52.809457553220824,Black,Paddy,43.23588472242942,45.29416430477233,37.1009291507906,20-20
19.983715038910297,62.96004741285883,45.23447977459049,Loamy,Cotton,47.4253891174743,38.57059115436149,41.4929365379806,20-20
34.571087338147024,68.89611987174553,36.800245777670355,Clayey,Cotton,36.286881350835735,40.091312426710644,52.767490275708155,20-20
33.514188875053634,70.58281416469582,50.05461126621533,Loamy,Wheat,38.129389079728064,46.57058329488673,35.19077855438761,20-20
22.2480893093253,52.46874631113231,40.316451706363765,Clayey,Paddy,45.85359447837302,39.48635602347531,43.487219479918366,20-20
33.45406322924443,41.019332474618686,58.07323230521898,Clayey,Paddy,52.057287152466664,41.5207147441194,38.39063738289778,20-20
21.608717759853747,58.204719672463966,49.24163381384639,Clayey,Maize,32.7517794361111,51.98801784289708,49.557796911193236,20-20
32.78219987060671,66.74334553026077,42.43437328720721,Loamy,Cotton,26.090222449487275,46.854818015423206,28.055417954271483,20-20
25.185943681961938,47.03070130490799,44.17106407431466,Loamy,Paddy,40.7350172265693,48.384490506535855,44.55604280942818,20-20
34.53570863543845,50.004450703219334,37.133321246403106,Clayey,Cotton,35.36970806625578,38.143349530998854,47.2988342567223,20-20
33.80645928471855,73.1752204699674,37.07913518056246,Black,Paddy,38.69240319137273,32.67617622436639,43.29067183748704,20-20
29.52058619900087,47.93569794144265,53.059440589233574,Loamy,Paddy,45.92343484492918,39.92587948082358,27.714889332876,20-20
30.31456805196676,46.63444279879292,61.76713746614319,Loamy,Paddy,37.92824009554981,38.14065389050988,30.940090909226605,20-20
29.720541270886784,73.42245173989788,58.24108037197381,Loamy,Maize,39.49331395042708,56.88246346179622,36.96737217939909,17-17-17
28.462013825426748,82.33431289992296,53.58204659913349,Black,Paddy,58.87895268801823,37.185358926355995,44.17268382537124,17-17-17
24.735643284532923,55.212719523651636,52.096946296265564,Loamy,Wheat,59.23107107132171,36.89760226696039,42.39044741726906,17-17-17
32.93449157035425,70.9263200322393,70.60662861492749,Loamy,Cotton,36.303000717069125,61.27287616577466,42.830851746075446,17-17-17
22.317612883214906,70.68025132838835,58.535043824943614,Loamy,Paddy,47.026464053837316,55.451745512370266,43.92179996185969,17-17-17
36.38107411729071,82.12148643069887,54.53415031504872,Black,Cotton,43.506440327289425,49.4687397198863,43.51634544772139,17-17-17
28.459636437889458,74.40173381831006,53.3869561203908,Loamy,Sugar cane,44.1356956745415,35.11742317206172,35.745785477473824,17-17-17
29.31531316241792,84.05044669448242,67.9469485025649,Loamy,Paddy,43.014957877639695,41.819662132100824,42.33621328952898,17-17-17
30.967576952110335,67.54671088126301,47.639561957352285,Black,Wheat,38.91354229830854,39.618897159995115,35.377334374585864,17-17-17
32.643420680618405,85.47363611326429,71.10992844376969,Black,Wheat,57.37201201044077,52.252112572562446,36.054709761455044,17-17-17
31.89432304581841,84.31056583144118,56.593572654479345,Black,Paddy,35.123186086923454,47.49908112241252,35.33040075006822,17-17-17
33.96011182767867,78.35197059624616,46.225792841122,Black,Cotton,61.65599865573455,39.285377227757714,48.257235349367775,17-17-17
36.21954100030191,75.5718189066183,69.87129436208936,Loamy,Cotton,57.12118916092014,48.016641454564386,61.466172116809716,17-17-17
29.342096262043427,61.4961013538193,59.525771425226,Loamy,Cotton,44.12922775462593,35.0428502923753,37.59372521360457,17-17-17
37.063541600078665,72.89260742520307,74.97225546302043,Black,Wheat,43.605399369416,39.79248380701833,43.413651942801664,17-17-17
27.13335872818086,81.71360181094109,71.70148767227568,Black,Paddy,64.25261509123044,61.43892636842275,41.96868962289358,17-17-17
24.03112980130392,84.80099702080662,62.26369721252665,Black,Wheat,39.94192688243185,43.61773084631203,47.89493772539008,17-17-17
30.161492151236825,89.5711978042554,41.91607437908583,Black,Paddy,45.650457984087396,50.09400664244959,49.45700501329932,17-17-17
35.12632448375622,84.98988293955898,72.8551755692252,Loamy,Maize,59.15280130398578,51.516359018599864,60.517405919197984,17-17-17
27.46307036466314,65.93915048436858,51.09195548364905,Black,Wheat,49.021620063437766,63.8483432676334,43.56738848715909,17-17-17
23.764801685996918,71.07268664201654,41.99846774558117,Loamy,Sugar cane,38.316294989257415,48.93050749646425,41.58168167588739,17-17-17
35.31054376991404,67.05273175962805,51.67964726514705,Loamy,Cotton,44.49406352184496,36.562172186638094,58.21985261882027,17-17-17
36.31979905467966,69.08585503956198,44.58083984937516,Loamy,Paddy,42.066978037835035,60.785089268746944,62.975118592921476,17-17-17
31.365825271444944,89.00978141135835,73.80196553595005,Black,Paddy,41.45807137357503,40.9172799850105,59.33313698915954,17-17-17
39.319525773003846,61.596990505321145,69.85304711845026,Loamy,Maize,46.62873875607378,63.05475717129863,44.695827495721325,17-17-17
29.025182355936458,54.243671184516366,63.46563328488783,Black,Maize,43.6651824343254,52.74055112159628,52.56812503518522,17-17-17
35.41434675110394,70.57809737606158,51.5847181661191,Black,Paddy,60.123526845042015,50.225272834079945,44.29596948225454,17-17-17
26.081655113209287,87.25961547675703,71.79435375439994,Loamy,Sugar cane,58.43871942217076,44.81020305488306,35.582037368546466,17-17-17
38.37256051096799,75.35557847329767,42.51673510607559,Loamy,Paddy,62.27016766507109,37.33137255175176,63.732999745286676,17-17-17
27.460557079855068,65.7135630592561,46.28779262843697,Loamy,Wheat,52.34216306037237,50.092178008148274,63.73938059746672,17-17-17
28.053545699447497,63.144173579193705,49.97196383933525,Black,Paddy,49.348510025331294,49.56892202096377,40.41910093823946,17-17-17
22.5362290725872,50.39117521223047,42.629301855407824,Black,Paddy,51.069801851843366,35.14653398060756,60.6336524955621,17-17-17
28.44794274237531,55.97597553815089,57.8494777759724,Loamy,Maize,48.817476520839996,62.90016133373218,62.02280487352198,17-17-17
30.701240257414074,54.46543717584247,44.03910357600429,Loamy,Cotton,59.046183821572264,49.44767420658088,50.881718640426,17-17-17
37.45914850145668,75.15492577653221,66.69967658212677,Black,Cotton,57.95811572350871,43.222495869229874,45.687843463788774,17-17-17
28.789218252116385,86.1334402609082,42.43917438555419,Black,Cotton,36.746525362260186,54.453647425443044,62.81012480304225,17-17-17
35.59108746669129,76.89307239974565,58.59203663868587,Loamy,Wheat,37.966200279879544,60.98069572041874,59.36538761878255,17-17-17
37.3092097355872,85.11389244066257,59.230001430098056,Black,Maize,54.68537108668061,43.45374942527798,46.46711960043474,17-17-17
27.77013803849664,53.74080494391638,54.94893562467669,Black,Paddy,38.86263312104167,49.25512598067885,63.42870975562001,17-17-17
35.793473280140205,69.91794370329055,50.85119084043575,Black,Sugar cane,59.35903227172405,55.19024498866031,61.01456453003366,17-17-17
35.73930841595107,55.46012048334329,48.003476298461116,Black,Cotton,61.47485315204409,57.58181413477928,35.60365165559222,17-17-17
30.041898859112923,50.28386129979549,68.67893808382725,Loamy,Cotton,45.794747019096995,55.31902059006978,51.22296893901628,17-17-17
31.16095205816715,62.76175719491229,73.9138751728805,Loamy,Sugar cane,62.99232959198435,47.654895065679604,61.12014404642962,17-17-17
37.3077307782207,66.57308056080831,43.93351172627912,Loamy,Paddy,37.268910915036486,54.27883805632795,52.31192135677108,17-17-17
29.848845534134423,79.94688701003963,68.97737340908594,Black,Sugar cane,58.13729222099534,40.82386311337917,36.164388434354066,17-17-17
38.82679672798842,83.39827100208467,69.48870779231305,Black,Wheat,44.096245812790244,49.12117841947812,47.88343691236108,17-17-17
39.0442521902893,59.62850342654027,48.3982116303271,Loamy,Maize,37.50137161306279,52.39211344819316,62.85523255831336,17-17-17
38.408383970734945,63.82480675603158,61.75275588983294,Loamy,Cotton,36.16398364186662,59.937374152698276,40.60317584693388,17-17-17
28.311568446228645,65.0724251109685,58.67440517437528,Loamy,Sugar cane,35.007230140554036,41.24695425824643,42.23733008114084,17-17-17
36.506305165601944,61.18695426185773,46.703246271755184,Black,Cotton,50.127903823790945,42.240491115124996,60.96935109118196,17-17-17
28.415285245293965,79.90607298259911,59.27416906431781,Black,Wheat,59.50380108723043,58.77987430254851,63.787764428277015,17-17-17
23.373444175133432,79.30800735483228,61.59096645878135,Black,Paddy,35.08735153501366,59.26378919578082,35.28259567917336,17-17-17
33.45040601910518,68.1685767906099,70.22005050826185,Loamy,Paddy,62.50883339307466,39.6105240742174,64.90423138036562,17-17-17
26.78838478111843,73.63263499582031,57.70204918542238,Loamy,Paddy,35.539643947171626,37.349811654476554,62.98313839718284,17-17-17
36.13012305174872,81.81151396190737,44.742308162509566,Loamy,Sugar cane,48.427098515239166,44.08037631136264,59.882866113019396,17-17-17
30.8280837412471,54.789871540021274,68.0929685453277,Black,Maize,42.40896237401188,62.324726609911885,61.988374681169454,17-17-17
27.107419179288208,67.46326886967297,62.182894159745516,Black,Cotton,48.50155791661676,46.64296206032471,45.13451129964692,17-17-17
38.64089708993295,70.86972903163658,40.46933088552431,Loamy,Sugar cane,35.5833877525864,41.64352674119735,64.18884904856125,17-17-17
23.04895542809034,86.84650946778197,70.60459512833374,Black,Wheat,52.13279487303544,42.734326220700126,35.269959718497674,17-17-17
30.71532096980674,75.92408509044286,40.64254343997284,Loamy,Cotton,54.61982664260745,44.29541350259839,53.55755447216346,17-17-17
23.63683809843474,86.92894987940915,64.1247762429043,Black,Wheat,38.81307841312221,52.77448981704789,45.70169507926719,17-17-17
22.785896716834152,59.465325258800355,71.1412146603383,Black,Paddy,35.27496650551449,63.77072527918898,41.04197308381662,17-17-17
27.629340091391203,69.44176793938617,63.24352349017619,Loamy,Cotton,50.84142347011398,56.71967492707074,64.0832440739677,17-17-17
29.344728308850698,57.65109484149588,58.099127579992185,Black,Wheat,62.24251061179564,36.974895300894616,59.131232424131014,17-17-17
32.29415540426117,86.29852705385701,44.2868495897604,Black,Sugar cane,51.0210833961397,47.30071360225229,61.38388080535677,17-17-17
23.26829219800525,61.12574561795643,51.357732720913155,Black,Maize,63.353673462346606,48.82606205808956,43.48002081623477,17-17-17
38.51965556743289,57.89795268364527,74.44416093391831,Loamy,Paddy,57.08761843881386,54.6860894112082,58.22753443102013,17-17-17
22.835251948272262,74.95838037728058,61.91343356954664,Black,Paddy,61.73602392205429,37.31433122258183,50.16969072290658,17-17-17
33.80132941805771,59.57035451005856,49.81847376493903,Black,Paddy,59.614070490825604,50.25582295320717,52.52959195288127,17-17-17
27.178931820820527,79.48254070576701,42.45355180936047,Black,Cotton,60.93624024746251,48.1552405009691,49.986993901277984,17-17-17
33.235457312132866,55.28140707559982,66.46817564356746,Loamy,Cotton,43.27784893850189,59.535519902444975,62.14885640509742,17-17-17
36.53930727761286,64.25561997199617,43.53316885726142,Black,Maize,63.856647161771235,48.68298579987775,54.578060456463206,17-17-17
27.84469601664875,89.25790381716517,44.71615427958176,Loamy,Maize,44.44415176761705,49.33998635162934,49.5649292084799,17-17-17
28.838637237316263,70.07742323123443,61.17749387032103,Loamy,Cotton,51.796715955373564,50.147984122682004,49.59215106608535,17-17-17
31.751685758938276,55.24319446818812,66.81549855539723,Black,Maize,62.97331935132053,46.07053197233518,63.419206977108864,17-17-17
23.48928946276729,86.603333334323,50.26720193345314,Black,Maize,49.72083037780952,57.80934953313272,48.15834307818931,17-17-17
38.98395662168937,86.10135530554302,70.52564031893273,Loamy,Cotton,37.13774997944684,58.44906336329632,60.627741846618186,17-17-17
23.933457857851995,54.04655246070165,40.39664076215706,Black,Wheat,51.459029155837506,48.1605410869938,64.2018287430813,17-17-17
39.4234563418592,60.20728915096923,70.04645884093921,Loamy,Sugar cane,51.39171401635208,45.29521571621851,52.084295439890326,17-17-17
29.963087333467485,51.842766787018704,59.03572724063912,Loamy,Maize,45.15662082311154,53.39511082229351,49.203048007821465,17-17-17
35.56624927977383,88.72448945624467,67.28435040783415,Loamy,Cotton,35.67347745293974,55.86232012909173,52.99657364158324,17-17-17
30.641940903141155,71.41483490553577,45.91937019254623,Black,Cotton,44.673494291319486,59.996290638734045,48.206651787684955,17-17-17
27.77192958525578,72.0935205382201,41.767761479129874,Loamy,Cotton,36.31643265106231,48.33439933933373,56.61119638196609,17-17-17
25.427442928448382,76.79813963436872,40.0140540408869,Black,Paddy,59.176735075905626,40.74468844724358,37.37748818389787,17-17-17
30.727457314889865,64.19980463255767,51.224925774450284,Black,Maize,63.917480362195654,35.70298866102165,54.24739043730183,17-17-17
37.750156595391466,62.05824745642672,43.309472067103584,Black,Wheat,57.75154314769753,52.10937523479512,53.18041495808244,17-17-17
24.52898217631931,74.90197584852456,47.27383445105925,Loamy,Sugar cane,50.12210239245273,43.50521570812818,51.34645058088181,17-17-17
28.138363100608608,88.47459497391995,59.15922421004288,Loamy,Sugar cane,36.927581688638334,52.63054251185032,54.283296501795945,17-17-17
33.757369404840624,63.96209697846206,73.81790039970372,Loamy,Sugar cane,59.04858457946101,43.78775610209369,53.91252855144063,17-17-17
34.05945863373982,52.87923273853287,48.98382070775922,Loamy,Maize,56.41702800189794,47.07180694443291,49.40055529533863,17-17-17
31.47870896661621,62.13124104261781,52.690412440813695,Black,Maize,36.99216060381492,36.178758354520774,64.68048542126118,17-17-17
29.969246698716248,87.95664872754861,48.609990910737835,Black,Cotton,50.96260471814034,56.08599332150304,49.47068625748259,17-17-17
25.48820434042039,58.58259280371399,65.83527641945913,Loamy,Cotton,40.6741608898022,41.45731461502861,52.204752916729305,17-17-17
38.95933818081349,70.73971899768962,52.33081094732124,Loamy,Sugar cane,42.021733250524974,43.05500228592486,36.49343004569131,17-17-17
31.605104763565794,87.7616511312371,53.86970418720952,Black,Cotton,55.81590026985184,50.37728647772635,49.67968242425364,17-17-17
30.189113983155995,68.83139988050829,64.7324882612127,Black,Wheat,63.219199975583415,36.26601405743895,44.879638324475124,17-17-17
25.031929920374473,80.41858425104266,74.4725187954522,Black,Paddy,63.37324151025383,61.26089719702282,40.91318116470956,17-17-17
30.169238148524407,71.62443977298916,69.73600612438604,Loamy,Cotton,49.4040481891512,49.79742479077957,46.19622107315381,17-17-17
25.40339776801028,86.03630921067963,63.59654320903648,Loamy,Sugar cane,53.998067520124664,53.125218145177755,37.98488678541914,17-17-17
23.416558153517183,71.09243582569573,54.09749369162732,Black,Maize,52.6643081046867,47.929491885417754,37.67666504171716,17-17-17
37.14411494210887,73.19065829737093,61.66273069672018,Black,Wheat,43.486577293590955,35.72618133267589,61.846076021165594,17-17-17
25.29705149370927,73.57142911451405,59.59977850122453,Black,Cotton,57.16784888392865,38.85738735535007,59.378379172645154,17-17-17
26.498230989464016,52.62403059780118,64.17153593353227,Black,Cotton,52.172231779032956,45.90834347570191,47.13558573374705,17-17-17
34.05300261767532,88.82672111175482,46.15003360428891,Black,Sugar cane,52.913498600465104,48.40066165233995,47.72555167237928,17-17-17
36.852427761905545,69.41022416588964,59.019204826939244,Black,Wheat,44.14282738391977,37.57731164608462,40.454253970008494,17-17-17
25.3842829095332,76.12546933167422,45.196911405184956,Black,Maize,51.62902117543858,57.026834035582496,50.814451448757936,17-17-17
33.984119226439674,61.44897228959977,56.103591929519084,Loamy,Cotton,40.803416840358125,35.691412652198224,41.31116244589507,17-17-17
25.792719971348312,59.101355077458535,49.78605014257961,Black,Maize,38.82224215086287,37.254288595327594,54.17788649544089,17-17-17
33.605621078621674,63.58642481925771,64.77817393454161,Loamy,Wheat,51.72274234010426,54.52483851467984,42.68063519184539,17-17-17
38.067003904794646,68.34599592324304,63.694186330886,Loamy,Sugar cane,49.9172254364193,43.72166922861995,37.81972788249806,17-17-17
39.292865530056716,62.81947590622189,74.8703881485829,Black,Sugar cane,60.36653586490699,36.20373860783028,53.32878498296764,17-17-17
28.903621223811584,83.46480841470633,62.777591229641565,Black,Sugar cane,53.42506550956678,59.53712530497319,45.024290671515864,17-17-17
32.4862403658666,77.95334681784132,69.88530977338212,Loamy,Maize,39.204963001481914,35.240244220213484,51.325494469304054,17-17-17
22.975811395707876,79.01912136061948,42.83708473571611,Black,Wheat,56.4935894467637,61.33138882090819,42.4887411323175,17-17-17
39.240943914554975,85.35048061832128,72.66652966907216,Black,Maize,60.76227189539924,40.10777456376308,55.80145701844566,17-17-17
25.829085390344915,74.14343150632823,57.62669782907605,Black,Maize,61.012399914752706,47.14579668854433,63.58018599497227,17-17-17
39.487294422474505,61.04955766492574,67.73367713755847,Black,Maize,41.75719707005739,42.60846882915693,55.443803462758154,17-17-17
32.10660298726018,57.43734563497539,47.85292114944701,Black,Paddy,49.81547587124301,58.089264916509634,63.848060767246366,17-17-17
31.886832880271967,79.93443333714478,67.43750059584801,Black,Maize,44.73826394290834,54.73366340108558,56.634778046416315,17-17-17
28.387223021751847,74.50737378698429,60.48813979768347,Loamy,Wheat,51.428483019612415,42.78347513204229,54.21449879426636,17-17-17
24.14689009671538,58.983295306156045,57.50692774329748,Black,Maize,60.2132825163806,58.67121812606142,56.03880026265152,17-17-17
36.95381299470569,61.696603355369916,70.62140321092741,Loamy,Sugar cane,58.15348817205043,57.45219033215113,47.537224513862284,17-17-17
36.03157027283079,60.10344026738897,69.0375331873525,Black,Sugar cane,56.118100011035466,47.26781707270016,63.37020611152414,17-17-17
33.350596551553785,67.9839562403095,46.60212862484262,Black,Cotton,50.23692248010143,59.31811544780483,50.85752604312327,17-17-17
33.35531869561201,63.983407831375686,50.243500601579846,Loamy,Paddy,46.77763251083334,59.967173201253246,45.26067992743945,17-17-17
22.67855302760807,64.68678502780091,58.98049914673777,Black,Paddy,39.443023958813825,35.25064112516416,57.3894143770723,17-17-17
32.45434293736256,78.5755024814917,72.08250859428706,Loamy,Sugar cane,56.16489955803871,46.830234390519934,55.15337810764598,17-17-17
24.162866657241196,71.38218179024156,63.62954600455469,Loamy,Paddy,47.52344851689388,50.655868859965366,56.92037034585171,17-17-17
25.45629251742308,83.59992892975771,65.37194613185538,Loamy,Cotton,61.842859610374845,64.70667603845222,38.526717473628096,17-17-17
26.163655280721283,79.39402081998404,50.66013782009989,Loamy,Maize,40.28119046464912,44.376309567101664,58.59577661310774,17-17-17
37.131387606744255,83.90561318037021,67.00494041195392,Loamy,Sugar cane,61.426442713242096,53.07534090724186,59.1724067653436,17-17-17
37.13086520991745,68.91517288842181,41.36775401006843,Loamy,Sugar cane,54.156311822057404,62.788398855452215,36.517905610297454,17-17-17
25.410822626192875,77.0555751221964,43.2294151596967,Black,Paddy,56.88550785719366,55.431503351913356,45.418629984580235,17-17-17
24.620215176998244,66.24439922010231,43.94357343221765,Black,Cotton,52.306498249308376,50.81959038799579,36.2285459644844,17-17-17
37.08171886214853,85.31126798505987,72.27170807444875,Black,Sugar cane,38.135836636270824,51.710204189393856,38.862416086271395,17-17-17
39.538290217432554,51.8504766936,52.452092947023104,Black,Paddy,41.386827639799805,54.20581605611096,57.67897546793744,17-17-17
30.703397212569485,77.41762089485165,67.26518878734132,Black,Cotton,35.601581293520255,52.078441488515736,61.7140872195167,17-17-17
36.542884540257106,57.59410641083876,43.85602420887716,Loamy,Wheat,56.6386180692148,60.49812474214171,39.692807564648575,17-17-17
27.38222823296823,62.663922416422764,63.49275447212112,Loamy,Wheat,35.94337865176843,60.07349212563804,56.79490239012268,17-17-17
35.855901532940536,72.45423296757352,70.89927717373277,Loamy,Sugar cane,50.83436324886863,52.33631244322727,50.528894851939015,17-17-17
39.3644286189123,52.94253416863063,41.870211083685604,Black,Cotton,63.126510122220154,53.447090437008086,50.89626876554618,17-17-17
23.68583414693454,80.72357513674666,66.15286257810054,Black,Paddy,44.351099644784355,60.13524142716555,44.18717735685201,17-17-17
37.85989267041818,60.26646759583657,60.75446617144229,Black,Paddy,63.07982537005333,47.4328943740111,55.34367504609939,17-17-17
26.763691089977705,78.45063298841812,43.49948366193218,Loamy,Paddy,36.006376142364736,55.84482737984378,51.811968614598285,17-17-17
28.123892292196025,50.26101641715548,56.78317329889738,Loamy,Paddy,35.47560636120701,44.80067067595245,37.759535320124,17-17-17
27.030449942133675,73.27461066018832,41.937242622633335,Loamy,Wheat,39.337391307187545,39.26422560793753,55.85775202266301,17-17-17
22.98432317356058,66.29529116476562,46.20933145424138,Black,Cotton,38.289088476055596,62.850073160168655,52.010983505036826,17-17-17
34.735637879417986,68.50751326751308,68.22735811368358,Black,Wheat,40.38935947592395,46.55487883317622,63.78782615083222,17-17-17
38.46309618127344,58.34607652633724,63.28454926829188,Black,Cotton,37.360957301225284,39.917951628596086,53.11265431512839,17-17-17
30.341038158483634,73.97722168110487,45.994569373318384,Loamy,Paddy,57.249134558528624,54.871155797382606,44.07921021910444,17-17-17
34.386117865714304,55.12752291241847,54.88747736944943,Loamy,Maize,42.416182212166305,42.861050135206234,57.45125748284548,17-17-17
38.05276380531903,57.85765260891144,61.484608075270344,Loamy,Sugar cane,37.63152925159893,56.39965188503817,46.74611298804888,17-17-17
31.50101267610293,81.51723753751068,69.41401160212692,Black,Sugar cane,54.440949719925854,49.099353039733835,45.16249712643521,17-17-17
27.37386266767895,86.94972525066595,48.04322194979328,Loamy,Wheat,57.48549245470342,57.48798323362287,53.916777030372145,17-17-17
38.78753912597172,75.2988880964591,50.09035315939897,Loamy,Cotton,54.15365211956431,43.808971752796225,43.60447241621094,17-17-17
37.34374751624414,70.01191497575968,63.761529478057255,Black,Cotton,46.75903220823389,63.63920482148694,42.908163194206445,17-17-17
38.81112409448893,58.1365200879326,45.14129573695264,Loamy,Wheat,60.67468721371711,40.59735497760924,55.427516378517545,17-17-17
39.754298612994916,62.60866949509144,44.035538161866725,Black,Cotton,38.2097378352387,60.637059920979226,56.58379903009916,17-17-17
22.37637122203423,58.92360073781423,41.978049177886504,Loamy,Cotton,38.10184809890124,41.89755112584898,47.945243595429275,17-17-17
26.562887558629427,87.6214920441179,71.70803887741926,Loamy,Maize,52.00418315031398,46.434406461042066,45.63271975962159,17-17-17
32.02118153966592,84.18962474367915,72.5354083109149,Black,Paddy,40.52659697889078,46.77146302798164,48.1058010967138,17-17-17
29.44238380078288,58.24810863607115,70.67961717760511,Black,Sugar cane,39.748587681772946,53.17097721379627,48.66982464659276,17-17-17
30.479507130710655,66.44595729360555,48.279877382388506,Loamy,Cotton,56.89979673934891,55.407132615313486,38.95231398895893,17-17-17
37.59569325217761,51.33292797758034,71.94755848852839,Black,Cotton,38.55086683553894,42.502474067418255,54.37277533814098,17-17-17
30.92177057589845,66.84475617736327,54.36829745229998,Black,Maize,41.940461396004515,40.90065674693639,39.09113315088375,17-17-17
22.16561615725683,75.09033602543913,51.0731392585689,Loamy,Sugar cane,64.19434134280726,45.37485710928782,40.811511523288935,17-17-17
22.15212692912429,83.56831812157836,41.11980610505137,Black,Wheat,63.20539504187724,51.06565748257891,61.762230532808616,17-17-17
33.76800261321081,65.48200047739547,62.65277991892494,Loamy,Paddy,36.34305166065461,48.71691258858633,36.6214288204918,17-17-17
32.155506252377414,69.76630414207217,65.61556385719521,Black,Sugar cane,46.51373767720542,49.45410327616824,63.34901190920228,17-17-17
31.06426133926399,82.06570359325468,55.453690363261394,Loamy,Paddy,49.718407276945975,56.181743439140924,60.46302755843943,17-17-17
26.638521667405236,85.39706987379867,60.195714059169546,Black,Sugar cane,41.6344283033208,59.09399266808738,43.07359257914031,17-17-17
39.85765936651876,55.21406718859167,67.86239838889281,Black,Cotton,46.843259503150485,61.419517323937335,49.76648549862401,17-17-17
31.674887566118223,51.971986496366796,40.08216158536086,Loamy,Wheat,42.343996190051776,38.6379468007741,55.41749278756302,17-17-17
29.397290944646258,75.91348154432906,64.92251972867757,Black,Cotton,40.353520222951246,63.21191101836632,37.387644421161276,17-17-17
37.36023695695703,84.53965801851274,67.03829071168906,Loamy,Paddy,40.0650081995771,58.0775167772476,59.654043777626015,17-17-17
28.06963663304115,60.50034417066176,44.266122422812565,Black,Maize,50.29271200702614,45.78016971547362,52.5578262652954,17-17-17
33.660801486839844,58.38138495800503,45.07869506887576,Black,Cotton,62.1314340399657,64.75678571958926,64.0644932445013,17-17-17
27.01969467269737,88.0084482346172,42.214193513723615,Loamy,Maize,53.09041590093764,61.81322563285835,36.7139815802999,17-17-17
37.838732145490724,89.9896508903237,48.542240383853795,Loamy,Paddy,57.899228456366316,42.83735397360747,52.593785371243925,17-17-17
38.16216588593654,55.140626737764656,40.91554198131969,Loamy,Cotton,55.6499228699803,63.07446872333438,53.123918865696055,17-17-17
23.51898306210977,60.36861335087946,40.66246741790122,Loamy,Wheat,36.076782535667974,45.56049747505635,62.44573417762279,17-17-17
22.33068978168588,60.82087120687386,68.16540943095009,Black,Paddy,53.46472879000157,48.41641222381355,57.61341803259246,17-17-17
30.690581679910665,62.922842736230045,69.36398838359239,Black,Wheat,43.93021146778537,39.10946666928584,54.79290921359251,17-17-17
26.932212046939856,62.59364621634941,44.08814377068832,Loamy,Maize,43.19478861109835,48.659862494258064,41.28557672937596,17-17-17
23.880645701571247,78.81071695789582,64.05490515445948,Black,Paddy,37.87262595990073,52.05416606470459,62.677172147174005,17-17-17
35.61769450291552,60.29461833606536,64.27284429662122,Loamy,Paddy,36.19133622716742,48.445125410639555,60.18224112827816,17-17-17
25.982280756520307,77.08294850633791,67.02840965626469,Loamy,Maize,49.196395606531965,48.689777714671955,53.53180772185383,17-17-17
30.961645249257746,83.67234836115276,68.04732203945869,Loamy,Paddy,47.3151446404507,47.18246397679313,41.902534755724254,17-17-17
26.09738564474906,70.97745383430997,68.21338617862617,Loamy,Sugar cane,45.60432425385136,42.36894722146444,54.26628911008092,17-17-17
36.29891605167141,53.958744936348275,49.49834882778546,Loamy,Sugar cane,60.65328265992321,64.19136048542484,45.39407861236002,17-17-17
26.82896836816402,51.63912888999562,64.67721494718828,Loamy,Sugar cane,48.52959507945031,56.22568456934128,38.022585318787286,17-17-17
37.66354042886036,55.546101164532146,44.455915756135376,Loamy,Paddy,40.270168939057534,55.79508080761538,63.807990754761995,17-17-17
29.157429743189553,63.45250910019822,48.20694023741095,Black,Paddy,49.419440849372265,53.95324530958266,51.554862006025054,17-17-17
39.07577345625383,56.790339928285434,73.79786111682444,Loamy,Paddy,35.44568367522511,45.001035143496885,49.43377075450537,17-17-17
32.2719624216542,67.42356632050836,54.519639760555826,Black,Maize,56.9817024623992,59.998138461075435,55.57628825259394,17-17-17
32.97151317557314,73.40779141571416,52.9408233805441,Loamy,Maize,49.581726257080426,39.255331928509555,44.413464299171864,17-17-17
23.899245635221618,77.32278300760497,63.1254587588203,Black,Wheat,63.51819114739618,36.561375162683944,56.89035240941724,17-17-17
29.979765773908575,73.43452202111686,74.16274163653816,Loamy,Paddy,50.969130915444985,37.49116273430559,62.159654851282696,17-17-17
29.93358898194372,73.39027233349219,68.567974815198,Black,Paddy,64.6478634542956,36.42246908420255,46.665544894223494,17-17-17
32.87885294349054,57.94171435472806,57.31899598174971,Black,Cotton,57.26930736601173,49.98855235996286,58.11235361205931,17-17-17
22.32508395567929,69.30913549907133,51.58556908232132,Black,Sugar cane,57.20909179697252,59.804213383430984,44.38282182265448,17-17-17
36.29008051171729,89.57362551358494,63.77054210102449,Black,Wheat,64.54850949084933,45.14419965451425,35.86508980765116,17-17-17
26.72148876491991,83.55551596503098,41.13131428641316,Black,Wheat,50.60548807197181,51.83453440015868,52.01386122597119,17-17-17
36.230853365855594,55.341723580222045,50.87019554427756,Black,Maize,53.47178160335518,47.12445295331169,55.728540988038674,17-17-17
29.478881140526457,66.11104537393332,41.26725415205847,Loamy,Cotton,51.534240085842015,38.43314490550544,56.260425155357154,17-17-17
27.776837889749928,60.090113354206814,58.69771434759366,Black,Cotton,59.71405249761614,63.29062128937208,38.09440282635083,17-17-17
25.262504599927937,78.4803184479265,53.4735552923145,Black,Sugar cane,47.06884034228956,63.883544239421965,58.49870277316599,17-17-17
29.571344263818748,69.23766432337214,53.17091359342491,Loamy,Wheat,45.89567371148675,55.566158616878695,36.568060026847895,17-17-17
25.50628844759068,82.64134009208274,68.08962618530697,Black,Sugar cane,49.59174884266682,54.142781773893574,43.95351983443282,17-17-17
26.24814274582682,79.22058616105306,41.411383390233276,Loamy,Wheat,37.84305413103782,39.58829559426278,35.20364522070769,17-17-17
39.92444262003853,61.55239879816358,45.224380443423655,Black,Paddy,42.22988773987754,50.60480669073187,63.08376714620404,17-17-17
24.43329497508574,77.80785838812845,44.20878452997571,Loamy,Wheat,41.92202829818356,57.73204833506881,45.52211895212926,17-17-17
34.40199972979423,72.68049301680689,63.92573488276541,Black,Wheat,35.08526460991917,38.327606926244194,62.926944331142884,17-17-17
35.87869066440739,67.40922872037696,73.13948930836305,Loamy,Wheat,49.027668454963006,59.324843400868126,61.24818216808014,17-17-17
38.16622902483182,79.26417362077873,52.84493515438773,Loamy,Maize,38.18376255694707,64.35962244013895,55.6593515679317,17-17-17
38.71712864699204,82.17218851822068,45.709013629083756,Loamy,Maize,42.47611311773862,40.04781333014012,45.255968052870514,17-17-17
39.55810943442913,80.45835333744634,54.818536217361164,Loamy,Wheat,35.13513442940866,50.802778630766454,44.39828033414536,17-17-17
23.99862861442947,67.71059827447579,48.86384859380007,Loamy,Sugar cane,62.276971293845044,36.474578861741314,38.05263585503047,17-17-17
27.90525432074184,76.41547352803555,65.56448135086274,Loamy,Wheat,48.597850501451695,45.7974210864609,55.529859513657996,17-17-17
22.73072773544272,65.63011938268016,67.67973871716127,Black,Sugar cane,59.09018091377004,41.12715861709593,56.48446336627084,17-17-17
39.92959709076122,54.1351202880784,46.32319446158433,Black,Cotton,38.90078766950398,41.3052750570177,44.82964891050847,17-17-17
35.65126611461566,50.879460881572946,68.5907295062824,Black,Sugar cane,35.41847056075734,45.95281760695418,54.7135651718382,17-17-17
34.528565325804045,63.69900876745217,43.778685683879246,Black,Maize,37.08937603244797,50.619660612023345,52.668080676876436,17-17-17
31.175239180070868,66.89783160123517,53.93305123826808,Black,Cotton,35.79340707793003,64.28060472573483,45.066716050899714,17-17-17
27.92880520661592,73.51181620265488,69.6553860937423,Loamy,Wheat,48.23823010250206,37.2353138545592,35.53873591250453,17-17-17
39.44990876216581,77.72838168875471,42.48206670034993,Loamy,Wheat,40.68082627375588,60.243192798687346,58.139694296505496,17-17-17
33.5996170533367,51.133498015335384,68.9985590853528,Loamy,Wheat,58.648256245124884,56.26030159896521,42.771054323100415,17-17-17
22.725942898927233,58.04546170361509,46.25201068640048,Black,Cotton,45.13243990204542,50.256166744931235,47.553484915263745,17-17-17
26.872142907375206,51.16682674296298,61.178556778300276,Loamy,Maize,46.87234489542063,61.00823128491537,43.96016472162649,17-17-17
37.43977987070396,69.79931178849844,44.58259382443721,Black,Wheat,55.88664308363818,48.23689007275151,41.18221339811526,17-17-17
36.85555124361368,55.03762564190002,71.60841274672583,Black,Wheat,60.926918067846714,57.33104612911972,48.93748293317738,17-17-17
36.4553615620794,67.27220403143647,67.50329694855225,Black,Wheat,48.87370451195444,49.59116302475443,63.228973635283815,17-17-17
36.13129350814323,82.86310767043352,59.40711900124097,Loamy,Paddy,40.39393440485226,64.04217508729036,49.032746928727384,17-17-17
37.69573173240923,53.922313942498306,55.27054983415562,Loamy,Paddy,63.869089495228295,49.691120955735656,60.02415981570755,17-17-17
37.00079723976995,63.92107852754877,71.22535209044864,Black,Sugar cane,49.114199590314705,64.99122913465493,50.8342209067649,17-17-17
28.51186010391364,50.413823858907996,61.91609258278631,Loamy,Cotton,56.11740278384323,64.03587053489639,54.52408070430139,17-17-17
24.813965891071096,67.48134901799084,53.89112875811639,Black,Cotton,57.306328089118836,46.64399243006748,52.42211419392056,17-17-17
26.083067841858913,73.02004073876236,54.820358171492735,Black,Sugar cane,50.447825265820164,54.88718757033698,40.12032305906701,17-17-17
26.64291112216421,69.66056903327306,74.14345651573157,Loamy,Wheat,44.99725221652183,37.70587100600733,52.85139034771284,17-17-17
23.61337191948312,88.36941741295288,65.0481928225309,Loamy,Wheat,58.64479364407119,52.69187108229397,56.123130823149104,17-17-17
37.45072083569912,88.27342670172251,57.46626605164285,Loamy,Wheat,62.946051474657864,51.151525606892996,52.49998729965553,17-17-17
25.76717970754216,50.14878643272237,48.45271793996214,Loamy,Paddy,50.29169514810695,48.454556840079015,46.398798567792575,17-17-17
28.304902672047895,68.08731757440432,44.67304429734868,Black,Sugar cane,36.43873197310963,52.12049525215936,58.262285437774835,17-17-17
24.69753037995793,72.87315084730764,48.87748660194814,Black,Cotton,41.8418545070006,38.910221707072154,35.34578042158956,17-17-17
34.563492236625045,50.06317684311647,70.50275247217222,Loamy,Paddy,35.91138739863388,36.38774567783852,56.382612642877525,17-17-17
26.441453572012854,68.00381074363438,40.7747057860324,Loamy,Wheat,54.22130674181665,43.10175398304667,47.41778174157767,17-17-17
33.772415397857685,66.64868124129258,46.28807511604692,Black,Sugar cane,55.67327244460472,60.760161647884885,51.95216849110081,17-17-17
36.14199883500021,76.94067147269035,44.02538278898342,Black,Sugar cane,55.84462189615162,63.349543566675294,48.246418666394916,17-17-17
25.56083971914381,83.73493282700022,47.13216119668723,Black,Cotton,57.28696442295296,57.7666655042134,55.568091996346226,17-17-17
39.15976144781659,54.0435437669686,50.8096546173567,Black,Maize,53.34071039295147,37.867233429878034,63.92162390394468,17-17-17
23.003492772465904,52.096227458447956,71.77355502220915,Black,Wheat,56.637737238014736,50.67718460785429,55.31319098588835,17-17-17
24.801663869708634,65.6776475915375,57.15014877675202,Loamy,Paddy,38.312284930301786,44.49505337787861,47.58541128012551,17-17-17
24.461237249126235,80.56147292669887,40.63132683266256,Loamy,Wheat,63.02759897289083,58.977142826103744,37.59273897341712,17-17-17
38.89440831254859,57.4332822226137,74.22976983083821,Loamy,Cotton,64.82863957283178,40.10428220531474,51.66851464047208,17-17-17
29.64087098817763,62.37296897432891,49.82224529567805,Loamy,Sugar cane,64.16689127649073,56.99983726150587,39.60094482247237,17-17-17
32.731288049242785,86.6377201581621,50.07769329326267,Black,Wheat,40.56577925773158,56.37804221895179,54.550393846352804,17-17-17
24.673313636628116,66.55870793936217,56.91872233387443,Black,Wheat,42.9052146056257,39.88328303076106,45.69430012543362,17-17-17
33.904487085903504,54.31168989462165,57.06535611888506,Loamy,Sugar cane,55.92939148339175,46.75026789606647,50.896858896618234,17-17-17
38.371997711869646,50.7212803930092,59.4966655167282,Loamy,Paddy,58.620465452291214,44.71686657741137,51.24006148103802,17-17-17
39.20566077883335,79.3643432492361,63.15926555920261,Black,Paddy,59.508730621827866,60.77998459171255,38.82729406750079,17-17-17
31.245400910715716,82.12182098703519,53.077760373054446,Loamy,Cotton,46.64364370305491,62.43753305665243,37.87070348174004,17-17-17
33.66776519407401,66.5277791521119,54.196678658940485,Loamy,Wheat,55.38655509718052,52.811173488543034,37.01281197889636,17-17-17
33.954749770980676,66.77551326078743,73.7893744779014,Loamy,Maize,55.515290919360844,43.7822464574948,58.761337731468835,17-17-17
30.78081107287386,62.583261861849095,47.07291077527733,Loamy,Maize,63.57926392402584,40.24125776146357,48.31964643026091,17-17-17
27.05277536436269,89.9726507275885,49.3804025181859,Black,Maize,44.864054137353605,43.818841292308946,54.77984383952004,17-17-17
24.855469359692776,62.50730660111169,43.707049137007076,Black,Sugar cane,35.55939759244349,39.1368482724373,59.13925092004032,17-17-17
36.355764621759874,71.51678105316972,50.8388685409533,Loamy,Cotton,39.35098201249665,53.04160957945358,57.10415320162997,17-17-17
22.156043617212358,87.10068062831297,42.32015656062926,Loamy,Maize,46.00417655420017,35.040665734938464,47.08134948955101,17-17-17
37.50218009068695,56.187393927394446,55.80414579860985,Loamy,Maize,47.24060273855243,42.49602395773788,55.623944121491846,17-17-17
37.794806351166784,66.72526399174491,71.8855494992727,Black,Paddy,64.79491216800434,41.99159563954576,38.18276149843856,17-17-17
35.66250486492165,70.45924187153533,62.54092529891804,Loamy,Cotton,38.066725133958336,52.47072365191897,60.335645939409645,17-17-17
33.45571738755128,83.364463330653,67.99169599783339,Black,Maize,45.36383454404806,47.9148075029453,42.78831875699635,17-17-17
25.98688387947352,51.391967994734,54.32373508248891,Black,Cotton,43.675794558976094,59.01092565366036,59.26933248841126,17-17-17
32.91722005581794,74.170380639477,68.95053519496682,Loamy,Sugar cane,47.750072423695926,42.95104754421642,43.26340039371527,17-17-17
30.084667649179828,67.60483083939745,43.189806868139755,Loamy,Maize,56.558112220705866,40.90860890626164,41.41210063945732,17-17-17
26.100010149120425,73.35433069232062,53.0012168767065,Black,Maize,48.467351677783704,41.10606567445414,51.11507964812087,17-17-17
37.847594251724885,67.34894811325684,54.42327633713887,Black,Cotton,36.06836450818525,51.62509164833,49.939289077621794,17-17-17
34.72656104781192,57.099273399640474,48.82780969807166,Black,Maize,59.32191395691238,39.07798242101962,63.41511850530182,17-17-17
22.616700210283078,56.81469003126124,57.48969856671293,Loamy,Paddy,52.81821862830216,46.96524235840912,39.45205089458646,17-17-17
39.9801871668311,89.48857819324564,70.85860786004054,Black,Wheat,46.83980263849837,47.49776683352596,55.597228762243525,17-17-17
32.91164056498597,70.95033986211399,40.856809303462,Black,Sugar cane,58.721087112383415,43.79467826759905,35.35693496735467,17-17-17
28.771625439313567,52.52642112656557,71.97288383909344,Black,Sugar cane,47.47037885488606,45.495507082725645,48.7848732459323,17-17-17
33.6666413748816,79.92828473580511,71.70907822282412,Loamy,Maize,60.906395950142866,41.439138887132856,55.22175358261087,17-17-17
31.109495723329196,78.6887692404168,69.15260769375202,Black,Wheat,57.28164491559252,36.915991200230714,60.39683509883856,17-17-17
26.65301021859269,86.02664336434513,68.82807378443908,Black,Paddy,55.481818933859344,56.80011407774637,56.02276002319148,17-17-17
36.97944074153604,74.9356154810819,63.30004023399992,Loamy,Maize,41.41220786183366,47.740370372553755,54.71956475468818,17-17-17
26.537257963303087,68.16669880671056,53.50508063926382,Black,Wheat,64.46232135906892,37.399474483902644,46.73276732444661,17-17-17
32.63356698435517,73.97454206953063,54.656564666892926,Black,Sugar cane,47.95531076936089,50.496395311677865,36.617977485226135,17-17-17
24.691887734025002,54.1535754444371,44.32503717098217,Black,Sugar cane,38.030847394737755,40.89447957208756,53.2912458661028,17-17-17
25.124298594725914,88.31341217794012,69.91161121031423,Black,Wheat,41.91484512054563,41.296785269149915,44.82698881766378,17-17-17
36.508210788792724,60.128299265694295,48.71251457001078,Loamy,Sugar cane,52.711428956115824,35.788931800540055,37.10354137240969,17-17-17
25.062747540601304,60.18882001830195,49.21361611906905,Loamy,Maize,51.68709182077318,63.431984120189156,47.34232795281397,17-17-17
23.999139459069784,61.14271812822638,67.00561025637349,Loamy,Wheat,45.53731496849985,44.585643554224276,59.359444720571304,17-17-17
29.845270471244948,68.09098049156556,40.563787649226796,Black,Wheat,38.511352181189785,38.407619521360246,40.547780563184524,17-17-17
39.36321140110633,70.36890153308312,61.96446083547262,Black,Maize,45.691594355690846,35.69440315745025,44.704632849294384,17-17-17
24.27781560153479,69.06481825242162,66.72653546365798,Black,Paddy,42.747930736614904,64.76047908190507,49.42358504539182,17-17-17
29.467256918089824,80.71443692503422,41.417821052946266,Loamy,Paddy,38.68733547626735,47.058557738456585,41.092117787601865,17-17-17
33.783181483278334,78.37257179213934,60.516382393091945,Loamy,Maize,45.717259045104086,45.267967783692384,52.31160025140633,17-17-17
29.500507114122403,65.41684398919514,58.69864887521341,Black,Cotton,60.2579202343776,36.846700327999976,52.50266045549005,17-17-17
22.14877536302545,81.19841842161571,63.33226253439347,Loamy,Sugar cane,44.26356975057758,58.94818989638917,43.77325413768547,17-17-17
26.34144237878168,38.96843184239341,36.7947436664837,Sandy,Tobacco,15.292798099445047,67.5701754089242,17.89334632952898,28-28
29.216326280158444,59.767257445833664,39.5784020524206,Sandy,Wheat,17.145457805722828,89.79871274337026,33.39527809217846,28-28
36.56490263844334,43.22295743026107,49.83677421829219,Red,Tobacco,29.70253033382575,66.2857521870864,36.278519593926326,28-28
24.29778609207152,55.06694395713705,43.51758754602619,Red,Tobacco,43.846299986887544,109.96099341720307,40.3263303215283,28-28
28.13678797843643,50.755406398379044,39.121774938054045,Sandy,Tobacco,40.072406900593045,65.90608254269938,22.84904341029311,28-28
30.08309412021245,34.614777735222326,43.80309745662085,Sandy,Barley,47.02254778202489,109.04474731614664,20.93472314998882,28-28
36.89050880532831,57.424693849605035,36.39263037080308,Sandy,Tobacco,27.467396103885424,63.65473361229162,15.254548269290325,28-28
27.187870635047187,35.54141728709649,31.864400840949706,Red,Wheat,21.112752290937884,77.89169267253592,44.70769384715442,28-28
29.05117511598356,31.556462327819766,48.26701158473499,Red,Tobacco,33.45290923876692,69.48759417798409,26.377017518713537,28-28
20.36920885442101,40.90674466044893,35.94457781913515,Red,Barley,45.51531860478306,66.69493878799449,39.05810461942292,28-28
27.706220620730743,35.871232549163636,20.835493327482673,Sandy,Wheat,43.17552080413246,109.84137631188085,15.683289974429794,28-28
37.54421139452809,48.116217354785704,42.04948914889687,Sandy,Millets,18.86692697888227,110.35154057229231,45.1736425708018,28-28
29.040947562716973,51.64467519395018,20.177846460106345,Sandy,Millets,35.73542643894608,81.41399323048529,44.65921472252328,28-28
27.57579049537771,51.81313347175521,23.219036311120178,Red,Wheat,22.21169960745115,107.8168653345135,20.1643146390045,28-28
32.35855703805979,40.99370762259574,42.673737286559074,Sandy,Millets,48.75341965744132,78.8631024640475,19.00908548552688,28-28
24.790850948921175,36.45361791138123,44.761339336069156,Red,Wheat,49.54788274020896,76.68292490000036,34.4908206551788,28-28
23.06234589290496,52.85661836672257,43.20422053468304,Red,Barley,45.62923473338731,93.71888049758275,15.931089725879735,28-28
26.135894278862427,53.54866845859522,25.761009570844884,Sandy,Wheat,37.34196127033814,117.24563489413805,37.909816692825935,28-28
34.46543264876648,45.948022470536806,25.60342421487112,Sandy,Wheat,29.894717800142306,100.70515510282274,34.232135072913714,28-28
27.091600920510384,37.959393209875245,25.046925296110494,Red,Millets,39.28458851952932,101.2423479454684,37.588953600936975,28-28
24.72334080627341,52.791639860427765,43.209421851660025,Sandy,Barley,30.946573088839422,82.41117985390447,36.416642966856344,28-28
35.04298873966168,50.646998320069486,35.3774788054141,Red,Tobacco,31.05302858223296,100.78865349607982,37.48118778415105,28-28
31.24896095193311,32.897660474835966,48.552965484269805,Red,Wheat,42.67705723062119,93.7687566572178,28.08747543973743,28-28
20.742100651983087,37.52395005335888,40.6910492709387,Sandy,Millets,44.82517117300041,91.92796437494114,34.57150579929469,28-28
22.90876320724438,33.55062303979763,42.82039283662898,Sandy,Wheat,47.462624295380145,99.56673952293829,31.03991257351956,28-28
21.622045392814602,53.1144435935709,38.50450653126725,Sandy,Tobacco,35.95230125904514,101.03360128666061,25.238914996854945,28-28
22.03144696898655,46.00564292942951,23.03795542962229,Red,Tobacco,45.54009067541756,108.47794135564544,32.767285292972154,28-28
22.251408082693857,31.244979131571345,28.445288623171265,Red,Wheat,23.54817951274275,61.30433028382244,34.61231909069866,28-28
27.051891356216057,47.313668097433265,41.072525844510935,Sandy,Barley,37.19321807779437,68.29592063261227,49.46255292806782,28-28
27.6469532595796,42.51159611108762,39.913951761280046,Red,Barley,32.14398211913529,85.94135952880588,33.11013959345371,28-28
36.69610427874276,39.23172568093113,23.347817743000014,Sandy,Barley,44.3917653413511,77.55653364237872,49.90095879990036,28-28
36.949397266733655,51.333885540092695,28.869149953389083,Sandy,Millets,35.33662719493702,108.7087864167467,48.048035277748966,28-28
33.2659336110864,35.34060972876811,44.74043717683809,Sandy,Barley,24.664152135521036,81.87839946082698,47.562833026553534,28-28
24.792202901320426,45.435808097467216,23.206558864671816,Red,Tobacco,38.10416160486609,103.10683687814497,44.262774630839345,28-28
20.812085814826272,58.003230215125754,41.16468645735904,Sandy,Barley,41.10524834278665,104.86460555565664,42.81382014287825,28-28
33.20519292718304,48.75080363430987,45.62049001006359,Red,Barley,43.086093536807965,82.73322541995631,16.448103386354095,28-28
21.837348645789763,48.04232166010834,46.2146546348676,Red,Tobacco,19.193866554824353,114.65273428838663,30.7881250613391,28-28
29.35402213638674,53.147143179864926,35.68081322133611,Red,Barley,20.533231804899707,71.30209392402419,19.36576396275877,28-28
36.74952681813234,53.990352409608036,32.984046836789524,Red,Tobacco,32.25768484256509,102.26117738832781,24.296331018324523,28-28
24.300284522016376,31.254648713593962,38.71666829488911,Sandy,Millets,34.68792416973608,98.6336365063926,29.074590426010673,28-28
24.51046837869547,41.93186926868167,32.84340709241725,Sandy,Barley,45.80867980664473,113.58008174378983,48.63164539451358,28-28
30.52986920490479,50.67784906397865,48.17327662198067,Red,Millets,23.74995573283411,101.37648114002448,33.72921776856917,28-28
24.541021272383055,47.60194582169255,43.87739427260469,Red,Millets,31.627764301758535,81.59295586527328,42.765432684455725,28-28
29.610711928983818,47.87843852377843,20.940847064137653,Red,Wheat,20.9594197995008,85.19222230693627,37.15268581648657,28-28
21.13348535720661,55.02405715231153,43.53516806888652,Red,Wheat,21.487389150264733,109.0989126992563,37.20152750400828,28-28
25.587165715325206,49.68333451434501,26.313852430496368,Red,Barley,26.138924904779728,93.41550614341239,23.402437858751252,28-28
36.799586846270095,40.005370609886,26.56910381317404,Red,Wheat,32.37924347606409,92.09424518295866,24.69492364591506,28-28
22.377202593842735,37.97685726081786,33.153195348845756,Red,Tobacco,16.060262926786898,97.30947387542494,41.972488445516674,28-28
29.828898773889787,47.70939516975206,48.03955858121662,Sandy,Barley,15.299922378375925,71.48960459584814,16.672989838021223,28-28
23.26150027044529,50.15831657545951,33.784499031504964,Sandy,Wheat,49.71226074171426,78.64980606164968,22.94100701810307,28-28
34.971646534440445,44.09397662035598,36.63790656637969,Red,Millets,44.51122722284941,72.36142341492506,31.83430861162148,28-28
29.679904842961584,34.59127791491464,35.16757493553193,Red,Millets,29.462118320890056,67.5633258816422,45.68948861586153,28-28
29.219798302585126,42.13093289943443,24.85901553208821,Red,Wheat,39.52862869235378,82.52264123395919,47.43823481885142,28-28
29.987604505984827,53.88557845301611,20.113030836515993,Sandy,Tobacco,37.098210273840024,79.0891311482496,35.87806002445208,28-28
24.445338034912776,53.69657213855528,39.03604800098323,Red,Barley,33.64490677136448,77.48306316124393,28.738416944623953,28-28
28.125338067804243,45.04342259525018,35.62486191622225,Sandy,Tobacco,30.692842740105178,67.22042641458312,23.96309491834483,28-28
33.6343254201324,36.705834669045345,21.670184448619267,Red,Millets,42.913109234356014,97.50876550400125,20.39215785012268,28-28
22.27664462044357,42.4344293776308,20.444265833978754,Red,Barley,44.436574387939615,68.34960065447771,32.972428646965,28-28
28.06355345849348,35.66608148446646,28.057974845032575,Sandy,Tobacco,33.703494748234206,84.11038114139525,44.14131545634349,28-28
35.78031584229167,36.48902820888486,44.2157591120648,Red,Barley,41.50907694158596,119.37119757005203,27.492805428184724,28-28
24.58645878857052,53.16777493959593,33.03971954153253,Sandy,Tobacco,26.577824817336513,105.91994585607264,21.2531981868686,28-28
30.198152058142526,58.71940839574118,29.544898112679626,Red,Tobacco,22.686666591776802,105.50451844798229,38.711336912706166,28-28
21.378993756700037,54.315494597591155,49.29505920938037,Red,Wheat,37.56353001252995,119.80035651316751,24.725341505036297,28-28
29.24085163304529,54.759638545255015,44.47461569788901,Red,Millets,47.71796393857248,98.62075415742987,44.4323345320711,28-28
28.412431189969013,48.79456919912272,43.85649759591148,Red,Tobacco,48.91631692058937,94.41919217932542,31.355057536374204,28-28
32.032795177701274,48.89761512183779,20.535013705808698,Sandy,Tobacco,33.940654568523044,61.5830170803323,18.097041349465492,28-28
24.65569751886741,40.21965231861898,21.922537628121987,Red,Wheat,21.282509117302272,89.61184981395725,41.79616863902273,28-28
27.150358366403033,38.06102207262805,30.42799443375953,Red,Wheat,39.94701277309166,114.25147245314568,34.42519853170701,28-28
28.874327752667057,53.57258171660199,48.426015522003354,Red,Barley,27.45460689357397,96.97304377764834,23.745667355791717,28-28
37.8053403475661,43.870853524432,22.229946540810374,Red,Millets,49.20791712721726,70.6950086374778,44.5255430957739,28-28
26.132002774791403,41.31335953603333,47.191744470864776,Sandy,Millets,33.55404477623604,82.14336956050823,19.821702528948187,28-28
23.135315385224303,47.706935922190766,40.858223988332504,Sandy,Millets,27.034875143990277,113.05244110975912,39.28582410479128,28-28
26.892367907236142,37.53475204074857,38.126164395899124,Sandy,Millets,45.79482168135506,83.77413147223821,26.363144351481793,28-28
30.09462215199531,36.85226884702316,44.666334659231126,Sandy,Millets,25.346079712647743,90.79294450677313,39.68769418138387,28-28
23.232957298891453,52.05069594534511,25.658615571278933,Red,Millets,18.97157731696037,102.55782821505991,34.13378249610754,28-28
21.249115668929758,54.08037488117757,44.270980985219964,Sandy,Millets,23.585665097067842,86.59080450867957,36.532987098007126,28-28
35.53182711378605,32.3956927374677,43.33953277965363,Sandy,Barley,32.25601865823637,99.23588160102722,34.744443031669874,28-28
21.02095916393128,30.88429056373343,25.347853444663205,Sandy,Millets,49.525670410935774,96.87846714327011,40.02767285822215,28-28
35.82398403007336,54.38270559891478,39.944001316012546,Sandy,Tobacco,26.869578541964593,94.80230927405535,17.467673444889005,28-28
21.696326308590454,49.01302979395488,28.590982036614758,Sandy,Millets,41.74854774269341,67.7422072686262,33.8865547710643,28-28
27.123263540600938,35.41067904844956,45.245471721863694,Red,Barley,15.385995697469767,60.75570229016561,25.924489690733708,28-28
25.34773194511546,31.62813556168121,37.898915970714235,Sandy,Barley,18.040201779516398,63.158526757629666,39.55997719231333,28-28
25.495866182598796,56.89714574907833,39.24179746169949,Sandy,Wheat,41.95459521751218,110.04752599483476,19.954323831698712,28-28
23.835032313194112,48.4827696344998,31.25739225782151,Sandy,Millets,49.44676871014972,119.9158900761926,16.06187363864114,28-28
30.056725902729738,31.78537327691923,28.19986629997672,Red,Wheat,47.36319409020585,99.69919202803506,27.398610111623547,28-28
24.73525484900374,47.28242637043481,40.893133781066396,Red,Barley,20.76195362978953,87.3784746994904,20.203539729366373,28-28
32.85587786343165,32.08526314345759,49.16499871222071,Red,Wheat,15.499694359004133,93.7579557520433,36.04608885176529,28-28
22.716487688843536,53.7803246338388,46.62687375238049,Sandy,Millets,24.905593805931936,81.29970246230121,30.328738738689893,28-28
32.11767642828457,54.7557880441707,29.146380721736215,Red,Wheat,49.65615277707514,99.70744282887125,17.65480450488242,28-28
28.038834219919806,43.729368481006205,27.760453214042855,Sandy,Tobacco,40.04469895662814,76.94382660634962,40.25517841297594,28-28
25.703208985705942,51.75279371959627,23.629993025361994,Sandy,Millets,20.904557498131098,95.63242606007168,26.05284755778879,28-28
27.13441109541455,32.33517459331542,31.20903956278173,Sandy,Wheat,39.106863058570305,69.61178479232656,38.484841139561055,28-28
33.5536691113301,33.19104499155731,22.470474318928567,Red,Tobacco,15.094542589195722,90.19583405404887,30.141046408492453,28-28
25.329149132826544,51.3127414916034,25.079955722208247,Red,Barley,44.119651858862156,95.03338940232291,35.014691511165594,28-28
21.333957487406987,43.941744092420144,38.46835855767077,Sandy,Wheat,18.326626053158996,118.82486161396841,48.268706608485836,28-28
37.101244794921314,35.38335712742559,20.762620555385748,Sandy,Wheat,16.379333735163648,63.69851300620941,35.56293677993727,28-28
22.554797793669174,39.141684181589355,44.67553405995045,Red,Wheat,22.655911308643258,98.5385373474611,23.503896045909972,28-28
23.914057412138604,37.62533142916973,34.7194249802218,Red,Millets,48.813495545601874,77.07661587361062,44.12832795464299,28-28
28.36122050907339,59.36788941050971,25.171714050071472,Red,Wheat,27.5119086222159,117.8366240561366,40.529913289395026,28-28
24.092839175498224,36.77084023171291,20.627960884762206,Red,Tobacco,36.14404687433323,96.1515534075152,38.474607595106285,28-28
21.24614226342137,36.31159663482372,28.708835470967436,Sandy,Tobacco,42.52902795685166,62.64553298385193,20.57865930121224,28-28
27.495059062554567,43.52722014566863,44.807106320809055,Red,Barley,18.430189520482962,80.27673426271744,39.63797288476867,28-28
36.78577626954764,37.45405573250226,39.27595506018099,Red,Tobacco,24.62947150816322,107.17757355577668,32.75003589241348,28-28
35.09655032531091,47.465422084339195,27.464489460146666,Red,Barley,38.1431684141653,60.64151940681008,39.84667660228628,28-28
35.17871677079176,44.68762788729142,29.341263264899634,Red,Millets,45.512921985863194,72.38671394497203,20.455824413543198,28-28
26.343846947478347,51.39050507201337,24.731108637784757,Red,Barley,23.82941813602961,117.17461881381058,20.482658242727172,28-28
26.06995837838407,30.42606468512294,24.60252738232662,Red,Barley,29.739754968487482,90.64435977037301,17.39759774001629,28-28
33.80902652619834,49.794081042009495,33.378419159617216,Sandy,Barley,22.8631245036775,102.47172620725226,40.44022481062322,28-28
36.465532965657246,31.932153480451294,21.651131266781487,Red,Wheat,21.557264618184945,91.1998874422153,46.831127931706995,28-28
24.10117738537701,44.70665923961222,30.748683908716465,Sandy,Barley,43.97400124731674,74.63056379796632,15.791155377572931,28-28
35.46540269698825,44.02631549081297,32.12660131679648,Sandy,Barley,30.731896673537797,111.01604366015545,49.01735927458173,28-28
25.228621266018585,34.95518998555343,47.6430088707336,Sandy,Wheat,29.8076432978769,88.25524958505812,24.75645298140202,28-28
26.967211641043278,46.879229917442984,44.08898903325701,Red,Tobacco,29.949638586693695,119.671544902982,23.17396306742289,28-28
35.182625044259254,50.651216381577676,28.845968842090908,Red,Wheat,46.96945283574112,108.04856968060994,24.64448345424301,28-28
30.854069127738406,54.09168653673537,43.7508529760524,Sandy,Barley,21.760521289234298,65.60807621426662,38.37735657586296,28-28
22.920239866530395,42.49048496389295,44.98946224095313,Sandy,Millets,49.550874387057156,91.91734192699059,26.12859410808662,28-28
37.17922717695919,44.357511972983204,40.97318616199094,Sandy,Barley,47.26262315879841,114.12733429472325,28.068249583789402,28-28
36.75192507140835,38.11338556414279,32.010667828098754,Sandy,Barley,45.463856787899566,96.0151819760103,27.570663849814657,28-28
21.012949786002334,42.35981968476518,37.36749597778152,Sandy,Wheat,28.74446896756295,90.90506257030711,35.22075195562947,28-28
31.691583759177018,42.7273710961974,32.7498572125959,Red,Barley,19.927241900428122,95.2307476881418,32.96335002337607,28-28
25.862732031565983,51.64945632755207,22.239849339356724,Red,Barley,47.005412941391654,117.74100800629668,15.722520384102765,28-28
27.42805899206374,37.69332052389564,20.302134044968493,Sandy,Barley,24.61765925476299,99.58925056160368,18.828997391111688,28-28
33.80922791126591,36.20748562038351,47.007045722963284,Sandy,Wheat,33.30435302870414,84.05071413920874,19.00771687641435,28-28
23.594337671027226,45.19109212956627,40.15676046909118,Red,Wheat,46.90663719261998,117.95032650349981,32.57567037672787,28-28
35.57112553971849,44.99931794887256,24.227118310639504,Red,Wheat,22.626656443538472,85.30529881705176,37.66845009491915,28-28
28.62189080550759,30.522916365061377,42.0168611269878,Sandy,Wheat,17.57534530713918,107.58061845753596,37.01897669692417,28-28
29.335496431988226,53.37202543078409,27.819003642710044,Red,Barley,20.70208075505667,93.28195059499895,26.788668883860993,28-28
22.355774002238366,43.72706543021915,28.048465866184635,Sandy,Barley,44.470847632273276,110.32227147203157,25.975129622241077,28-28
33.07854378487616,45.30180685632431,38.65887872392929,Red,Millets,28.83747788014841,85.5113630144195,41.887236873262175,28-28
29.31821602815723,54.954723551579505,39.78136785804395,Sandy,Tobacco,27.22061352980124,98.54559438051464,38.461187189354,28-28
35.1454958484563,49.42340771253744,30.24521332052131,Sandy,Barley,42.28517571014443,119.1161992860541,35.132290257198036,28-28
21.433805136755964,32.09675435663843,39.20091165055041,Sandy,Wheat,47.87410801190333,103.54626281746664,15.06761700020268,28-28
33.181475459950384,40.662162202870064,44.61489333973565,Red,Barley,16.564742599660168,76.02431648094526,41.44008852177096,28-28
34.80745288802997,38.140771055734106,25.556225349316804,Red,Tobacco,38.84596148717595,90.86423212477106,33.66882120273816,28-28
20.627845504760497,42.30807414995151,23.19678441403304,Sandy,Millets,46.70962027272208,85.89905125106289,16.443761321510568,28-28
21.719789742165794,49.766000007660665,39.41333782922284,Red,Wheat,16.156826820780392,64.72908463456704,15.039601629230457,28-28
30.522376509527128,31.143547355654746,34.64291047618482,Sandy,Tobacco,39.92102749690579,116.04218943954064,45.41329881102822,28-28
22.444983711438784,37.10777762194343,43.28514476120671,Sandy,Barley,49.00194752648087,78.3211928128674,31.32377660761332,28-28
25.486636603612382,37.69462569621463,37.812522572215386,Red,Millets,15.550759313074053,99.68292467069935,24.084328703274586,28-28
21.49763269716083,38.80188434357355,46.33414395826955,Red,Millets,41.771015605785365,90.10276900130951,15.775482029568524,28-28
31.675621863117133,51.64661647780383,45.885877313878474,Sandy,Barley,31.639568298640498,118.79916643722656,49.805753099095455,28-28
30.347650912845275,41.94019312511445,30.93158930419355,Sandy,Barley,15.424366253071069,103.12849409694988,23.721107403482826,28-28
36.495599405015604,31.500668007496735,24.658298095319918,Red,Tobacco,42.62353262732455,67.10072002307268,27.547767091836683,28-28
34.17050544804853,42.26223110274368,44.700424308384214,Sandy,Millets,38.82113545417037,108.91238265393899,42.64911658494417,28-28
31.21351197838572,30.203566589304828,21.30368738903512,Red,Tobacco,46.63930031695443,104.15411915211149,33.46473024748819,28-28
37.09256181616253,56.08058543768388,34.499343460918816,Sandy,Wheat,26.7589607583179,84.0192889492368,20.407263267211334,28-28
30.07234715520572,49.9652822627164,49.34976429335143,Sandy,Wheat,40.493516513525634,80.10554605610055,37.531198635502314,28-28
25.18625231938445,53.05343701378853,26.158158224114054,Red,Wheat,39.92658677859401,70.31141218502789,35.29229448992955,28-28
28.933464862756576,42.551241153235424,43.356915426402786,Red,Tobacco,40.70416248901364,109.33648268837551,35.1101076215556,28-28
37.35900661983068,36.51672297453244,41.42395980806458,Red,Tobacco,27.948044621906377,70.82324855806277,24.763816804706785,28-28
23.878449789485803,36.010525543452175,49.715957152514534,Sandy,Barley,43.06115958960163,107.64363755296529,41.189688708903134,28-28
30.318980397557663,36.607316322085815,45.866289222597175,Red,Wheat,40.995575530893156,88.41416991447878,29.50079093169606,28-28
36.73895888412207,40.305948344948824,48.90452835968517,Red,Millets,46.85951199388825,94.78930638600448,37.068239978686066,28-28
20.330091002191697,33.8286955871326,42.62693970048646,Red,Wheat,31.503904430585784,75.83765124791226,20.244334696578882,28-28
26.608391035584773,57.2304583565746,29.1390749688073,Sandy,Barley,34.01270330285063,91.31250662241462,15.716697917676926,28-28
24.217491788069204,47.36811528616071,39.415033161529564,Sandy,Wheat,39.04101274336148,78.680354575765,42.17411627077361,28-28
37.6684225357627,56.94432511995471,48.57996284295099,Red,Tobacco,28.5147739485,97.19387710562087,42.54248370638316,28-28
34.831647004827175,50.31303829072094,25.967520785458003,Red,Tobacco,17.790849510031148,64.73410976947207,44.29577457269157,28-28
27.693349182277675,34.043934852584314,47.41008792328158,Sandy,Tobacco,31.459937769213287,115.68636536868524,34.92028432291001,28-28
26.364640627231733,53.91465317447495,33.28550592425632,Sandy,Millets,26.14642989608069,108.09634059678258,40.31303105119371,28-28
37.59813945431674,53.60000846624888,43.098003078460586,Sandy,Wheat,45.01198388076771,81.74588467126624,15.006481835340498,28-28
30.794942199984995,35.32716007894853,29.11199267265636,Sandy,Tobacco,26.787741387873737,109.89589778646459,34.87398389103106,28-28
33.5016634313655,55.288511705304295,34.10287875354548,Sandy,Millets,28.642136186780057,96.96231170039744,28.744798625047594,28-28
30.430895290224704,49.95398580551176,33.16726220618716,Sandy,Barley,48.36085118699086,73.19996833419751,36.28746453328513,28-28
32.15727986843529,39.70887373741437,22.389248188670695,Red,Millets,35.42024721488097,89.10431913379043,48.1754559016888,28-28
35.030424590690494,34.4223835090195,41.24509765506713,Red,Millets,30.241293377519245,101.21630134000219,23.75862138420279,28-28
23.2381337372271,57.43334046168626,42.53441731854323,Sandy,Millets,47.668142469968906,116.36010094457922,26.097562656729185,28-28
20.971455705693053,52.889081661270694,41.10524432265022,Sandy,Tobacco,35.92688472921664,61.929916219357885,32.14628105344609,28-28
27.503023074010287,46.80628208222835,32.87964025902909,Sandy,Millets,48.811964646781966,104.95417983614803,36.14381154027965,28-28
30.648787812501315,30.361875534672023,21.028750349316272,Sandy,Barley,39.58184519356516,94.76278364087693,24.767979765294925,28-28
24.864479751110856,45.13923167844226,49.267083900682465,Sandy,Tobacco,36.569467122321704,117.56279126321685,47.76518365795581,28-28
25.601484844441,53.09976843656112,46.002920068740316,Red,Barley,33.17293604663347,60.69433192531621,49.76291235481922,28-28
31.216911567402438,44.078697328124484,23.498088992864023,Sandy,Millets,27.872547991819726,98.56476276451676,15.890650015326367,28-28
35.92773422810226,50.9863342129664,33.97310586493783,Red,Millets,32.92110665420214,80.46102558715218,19.792158839848202,28-28
34.78160366029918,57.44261704013879,36.107697842603514,Sandy,Tobacco,40.47174141795304,96.5120785966343,19.25126698174946,28-28
28.14982633120521,37.29819253412096,46.321235616241744,Sandy,Wheat,41.00180519838028,109.1041588498694,46.49500486472182,28-28
23.45910919786008,32.60243303411922,30.110083740117755,Sandy,Tobacco,19.515146125814063,97.98173432446455,33.30955395171785,28-28
24.666322437024863,57.264720929063905,20.635170912061355,Red,Barley,27.180467381722252,106.01573558094957,40.16473663893213,28-28
20.304376638614606,48.54131037371212,21.89284043549647,Red,Millets,18.77495216537301,78.74929956857129,37.75877518761665,28-28
28.762527385698384,59.35735184578122,48.96326662216131,Red,Wheat,29.56913497760263,78.15552915984695,24.292472602639876,28-28
29.58042452855205,48.205794234027856,34.66338164688998,Sandy,Millets,29.279802678685332,88.9503354829268,22.394976314947822,28-28
29.748718330370174,50.25568246534871,38.99936523309832,Sandy,Tobacco,31.187157364195766,77.09136785764558,34.461834849798635,28-28
31.250350175025872,37.57705677413061,40.06861130204824,Red,Tobacco,41.14529748589358,117.48736772877677,47.05747111363234,28-28
37.82673576838347,50.490549554824824,39.30572481122567,Red,Barley,15.53245833183744,68.72948683486959,45.14316941603582,28-28
20.28012583265689,49.378927874974835,33.044046013094835,Sandy,Millets,22.02683551707673,86.40766179277958,18.764648711965194,28-28
28.756039010438855,48.756511759585564,44.82152580822074,Sandy,Barley,38.752730301400334,78.44595195287023,17.281991834715267,28-28
36.470583622479516,56.0334613317829,31.104437550512507,Red,Wheat,17.49043395589034,113.29139717785124,46.293756123165664,28-28
35.21146947923903,44.40762003258464,25.322949567487946,Red,Wheat,31.71208176618497,89.39590519469164,32.31092197343127,28-28
24.63782641384079,40.987235434008454,33.025597758904084,Red,Millets,19.589242333077493,108.62817702417559,30.937744709652517,28-28
27.408147894218544,45.5642493625306,21.0095099640517,Red,Barley,38.60513947640089,86.72866098500074,29.161205903140207,28-28
28.31301982209095,30.63576738683558,26.824726726071873,Sandy,Barley,31.646721500789063,111.62220823682884,29.853870246198753,28-28
32.41344335447218,44.079698911304106,33.189672021774946,Sandy,Tobacco,30.620033396602295,92.3150031512522,29.38225493928436,28-28
36.03899348915277,39.992566442816184,24.425715025320404,Sandy,Barley,18.37926675092108,85.37136471401169,15.469802029204466,28-28
20.389662246570463,45.60058638868571,40.39935645952284,Sandy,Wheat,18.001286781888652,104.6177207160448,31.132227052188085,28-28
32.00942620356609,37.345186524285616,41.49660919336999,Red,Wheat,35.92752993869405,111.06664955085328,22.41297510035417,28-28
37.315597785214266,51.68703022343334,39.33689463895466,Sandy,Barley,40.49234931167966,90.31358866810044,31.733395658637754,28-28
32.25671365958305,56.917299755749255,46.72480260722806,Red,Wheat,49.177151191548724,90.13810305970452,39.5075130595867,28-28
32.69685007365351,38.74733150279792,28.488427041119937,Sandy,Wheat,23.340072175682383,112.07786680092948,45.629272007300756,28-28
28.513657664673246,50.16343380296397,38.216883508951724,Red,Tobacco,29.55069869131856,82.96765848872101,28.2870803619972,28-28
31.658048410174864,43.55225260546326,49.06074350639129,Sandy,Tobacco,17.934600130156838,85.14448098752646,27.146645908382197,28-28
26.569229378028055,38.21129751518528,35.18108810682442,Sandy,Millets,26.774369151414422,90.5959497244589,40.41637472312614,28-28
33.501103834598254,32.976866882480294,45.17147504238072,Red,Barley,47.59977679301768,115.56855799577585,26.285585156469885,28-28
36.60384099806786,49.98810410762543,27.069321182642657,Sandy,Millets,46.30831329188404,72.78363306105213,21.44927766597603,28-28
25.476433606758523,45.43438926393092,41.40372081302132,Sandy,Wheat,47.41728610402393,117.26216173369414,18.095315556742584,28-28
20.9719872592587,40.80963413074688,44.394301708980095,Sandy,Tobacco,36.40517909177904,103.14200032739325,42.268288018361964,28-28
20.741924827130592,47.52804606193503,21.456999591778878,Red,Tobacco,36.130435113729575,95.09950492211512,43.01438018727873,28-28
28.205597003247796,52.46482390811963,40.016398752257224,Red,Barley,49.70010920453308,69.84184388756336,39.96266517769868,28-28
32.0199900760237,31.780146924191698,39.727049173538376,Sandy,Tobacco,45.909179233617124,81.24117828192067,35.19646516965088,28-28
34.08521614770493,46.325464626939024,24.63085309687701,Sandy,Tobacco,23.784526993311346,108.36492992369566,40.8469390265137,28-28
26.62373138936216,32.32895655749385,41.40385845099499,Sandy,Barley,15.125214061001097,60.2606440670454,16.628953242667382,28-28
27.512968298609838,38.92640284029991,47.381030310713314,Red,Barley,21.748097813681234,116.41870805566509,28.62788036334902,28-28
29.98448634164704,32.41010599708463,43.70499160680387,Red,Wheat,29.796557198088337,75.22785855335952,43.01802936094692,28-28
34.15788085457019,59.21633301130919,21.788765731618067,Red,Barley,43.43596620966165,93.04459685346433,25.524117366948857,28-28
31.042018506223826,40.61408491931927,30.008446729330444,Red,Barley,16.327840952757743,115.02469193192873,20.143614206633405,28-28
34.04937036565292,38.604378743204606,32.073354153307776,Red,Millets,40.8826209217129,87.32827024376206,48.897974490911935,28-28
37.5512406067769,56.20419513168013,26.81449240313981,Sandy,Tobacco,15.281115235646803,91.881649901716,32.222859688594525,28-28
25.12413905504272,52.95459482545641,34.11041776139401,Red,Barley,26.107392926008984,99.16558535856751,36.791910957667184,28-28
22.820767323732547,52.24551756980971,37.98285176331255,Red,Barley,17.015015285597897,82.9848168799911,42.21059698886939,28-28
28.06535272846942,40.38525231918387,30.148567766297273,Red,Wheat,43.28271836952189,118.23600407144751,19.35768390279923,28-28
23.29263197158363,33.936464487950595,37.74528596404948,Sandy,Millets,37.154980534642476,74.58011484772715,16.855901986043378,28-28
20.89324329938346,55.65265991718108,39.744874295790005,Red,Barley,30.204814077712168,61.15493783093364,27.125149713982054,28-28
22.568993371433685,39.286259755862645,37.07320941088412,Sandy,Millets,23.609741002493898,108.56056972432214,32.39991623132705,28-28
37.08159219415273,55.42501861129025,29.991177060901826,Red,Wheat,28.99867436043782,97.57076717547088,29.81643544578845,28-28
37.446484498805155,48.26052661810503,31.982049762234006,Red,Barley,37.575343542204855,109.06774085876513,28.83917536853977,28-28
20.755469061309206,35.30270602270382,45.94981919088604,Red,Millets,34.70149392248764,64.34533877164108,48.262021677986674,28-28
23.483780718312307,46.61520876686208,31.48378493239728,Sandy,Barley,20.504573692673763,92.17790194783119,37.49631698858414,28-28
28.635884440082798,52.372149451235686,26.158150236519756,Sandy,Barley,25.25170113456052,104.80358623206189,27.11388454829403,28-28
26.774992935948994,38.89862585501755,46.683402750550314,Red,Barley,49.97777262674376,119.39883689935084,38.46237738816296,28-28
33.20228489614085,41.65968004630541,32.9890264099716,Sandy,Millets,20.04474823962883,115.86354185323201,43.79625051677931,28-28
26.185651552017173,34.620489761230985,27.954686891159447,Sandy,Wheat,23.939364729814514,116.70224792181627,36.473475945725056,28-28
20.018401392700063,48.00545832942977,28.521813862391458,Red,Wheat,45.8191919818635,77.38425603173336,26.453760776703596,28-28
22.607350890828393,47.44591422831331,25.046408070026303,Red,Tobacco,29.86209059266018,61.22952281267847,31.13402182894771,28-28
29.363828397622925,50.881041966873966,48.26427446841214,Red,Barley,21.26917494549343,63.12527441562906,18.61405833026289,28-28
31.216652612047223,55.216600702537924,40.47934646879394,Red,Millets,22.292627617620006,114.62078077851932,31.161962823869764,28-28
28.977146571654767,58.756960039310904,42.04124016721093,Sandy,Barley,41.170913497459225,84.88188709830769,23.83169015446297,28-28
30.91746560690961,33.111904936274826,45.077287466178646,Sandy,Millets,43.50938254569989,68.46996199182178,33.67617853928083,28-28
34.3407560157663,48.00421449640281,41.3278891024365,Red,Millets,25.633249400772865,104.83045023237902,32.83189582453701,28-28
30.824916009837157,53.69184785423887,26.456619357991364,Sandy,Millets,17.30751112751188,63.727546243205744,33.61382287837818,28-28
32.94580605740819,56.45138014395891,39.186862941018816,Sandy,Tobacco,17.35191497633308,108.47591067376315,23.86032439213661,28-28
32.572648420667974,53.40777992761434,29.903353935657236,Sandy,Barley,26.280411569101798,111.67717996528583,34.52309384232014,28-28
36.942647528763246,47.973560544603245,49.76379414056829,Sandy,Tobacco,18.136480339836293,109.59850822280896,19.429674777736565,28-28
28.01825639067681,51.42213528427005,46.02671862336615,Red,Millets,16.509472587659005,111.20883999158937,35.08826480476405,28-28
25.442904910023685,53.871200552845124,30.073597505085086,Red,Barley,15.111100436457612,95.52739418106111,48.5850405670173,28-28
34.85542812216886,31.992312611181983,25.125805981593942,Sandy,Tobacco,25.88922382658766,99.52716706085477,26.2244749764463,28-28
28.902616004176647,36.33791196926304,31.459504090709103,Sandy,Tobacco,34.02578889628093,67.6375519857047,31.37948781363797,28-28
21.31493198259189,41.34584049243241,41.30088043025687,Red,Tobacco,15.700823708189727,80.07125844859783,34.94939866658606,28-28
23.426898879097493,58.22838579811963,35.634467165152714,Sandy,Millets,49.90295216201961,92.6361847374161,33.368586262765945,28-28
25.58072753716546,37.546366593988346,30.302618483920217,Red,Barley,31.094787831515124,73.49250550834175,21.719718258077652,28-28
28.086678054755104,49.58440100442729,45.68438450858862,Red,Wheat,25.049614301550015,82.7308478910333,21.43049191195031,28-28
20.17749311006851,50.336058481732366,34.31480139234745,Sandy,Tobacco,20.6366175236238,73.49700263262203,26.235753419606333,28-28
26.191847527064834,64.70829972553724,55.77906667679572,Black,Cotton,50.990428115058904,35.4468382709079,12.388892259398249,14-35-14
21.12584509225685,68.8049995019087,36.984662797951636,Loamy,Ground Nuts,49.09508477779111,58.72114596167653,5.2657930568575235,14-35-14
23.52876025336878,77.31846337967534,49.60717721064495,Clayey,Ground Nuts,59.07155835464356,42.658614380053656,0.6042588033375873,14-35-14
33.14456839696986,53.97419575528994,67.56671571872839,Black,Ground Nuts,49.8530366624797,44.93018260767243,20.0252060799479,14-35-14
26.458777450620303,45.22732555997398,38.842403378464155,Loamy,Cotton,49.32569900579304,44.92279809966738,0.5944175575471555,14-35-14
30.14392068183748,46.945253553177736,52.10559441420506,Loamy,Oil seeds,49.47785674689013,45.12894180042352,15.432276901315442,14-35-14
24.188466976647625,78.58038585094077,50.538073611435166,Loamy,Oil seeds,53.87734918245366,41.63860462008103,18.770284534360975,14-35-14
33.20314918641702,61.631920180993234,68.0791127569891,Clayey,Ground Nuts,40.36145573310404,57.28634682861873,1.8539776443507683,14-35-14
34.87402789087536,68.77877208393491,67.78407743335023,Loamy,Pulses,55.67372562710277,49.22853926135671,21.11065832800217,14-35-14
33.88748723323579,60.124101146556306,53.85867785373841,Black,Ground Nuts,46.15285767812969,46.76262697480818,14.120457849004927,14-35-14
32.99481916213088,60.55378366205194,55.613027697757204,Loamy,Oil seeds,38.479695068949674,41.132252341091075,0.0846961995659784,14-35-14
19.686307011918935,76.81106041352638,42.52578992746646,Clayey,Cotton,40.1148403572944,35.34954282428412,4.537699040537388,14-35-14
32.875587031169395,66.49569459156696,41.58699935879518,Clayey,Cotton,42.131949923521994,58.85864879058252,11.898167434124082,14-35-14
30.437980366638097,60.38068781525221,45.42465719260076,Black,Cotton,46.397898425552846,54.967184273259065,1.7801679385308133,14-35-14
19.16192231461931,78.42844946579902,41.75552448919945,Clayey,Cotton,57.06855190517701,59.1964981020354,20.23683024038586,14-35-14
20.26698411481143,49.65495054761237,35.78282870730502,Black,Ground Nuts,36.24519693958555,36.62513723527016,6.591886464887228,14-35-14
32.15717553086493,56.421209006255744,60.47419569027801,Loamy,Oil seeds,37.34774912077575,42.918679581435875,16.484379685487323,14-35-14
20.31628423895849,76.42591822175686,43.49020210142778,Clayey,Cotton,43.82844483202941,49.46205899327147,23.75451777045104,14-35-14
34.14323649957174,56.51770959115112,38.32047494363129,Loamy,Cotton,59.921222196485495,56.281446217490185,6.696123013972846,14-35-14
30.433017520215426,63.355728806528816,69.33172954015453,Clayey,Pulses,48.82075890230999,50.0969497406022,0.6253787972713531,14-35-14
31.575195559795482,74.97988687714647,51.873273157815,Loamy,Oil seeds,54.58053642630746,47.30195466339115,3.6277683870401285,14-35-14
28.392395579902384,46.5567016081106,61.32429933870196,Clayey,Cotton,36.97823223686709,35.461430638498605,16.411787938254122,14-35-14
25.668293221022616,45.537818775715316,49.925533200000615,Loamy,Ground Nuts,50.15483843560351,51.28340264500514,13.944118977451545,14-35-14
28.991096679272452,51.39280665603203,61.26833932438622,Loamy,Ground Nuts,43.477190331567,36.196639972652676,17.747385834536338,14-35-14
29.985586878476656,52.9404680716023,62.83504656790279,Black,Oil seeds,50.7694933276233,43.838721355108426,14.689044303744957,14-35-14
28.154938116623505,61.536173987021165,59.440966337919605,Black,Pulses,45.84242332767399,40.34834457002618,5.056829543550759,14-35-14
23.11628116449743,71.21211741674819,62.79569480931633,Clayey,Ground Nuts,40.06168855239375,47.56006983700317,23.976099921785192,14-35-14
30.015009791647728,70.28516980578446,37.97652674571249,Black,Ground Nuts,40.49977817242327,52.90319101191844,0.22037083236181587,14-35-14
31.373092773297895,56.86276769779592,63.67668133046014,Black,Oil seeds,38.26745634370783,43.52191348959841,4.334328918937705,14-35-14
23.927947784330634,71.72764613831269,38.39329874193501,Black,Pulses,43.7804254909622,36.6699269315543,20.930999987886484,14-35-14
34.76738631862422,48.099886083877806,45.194538278950795,Loamy,Pulses,44.3100166508839,49.898170302918345,19.40978421631815,14-35-14
30.8776669879146,49.1292649802959,64.16233099185918,Loamy,Ground Nuts,52.6404951045036,57.24338336957642,14.433543129909257,14-35-14
21.42889936472743,60.04108833764833,52.291500342750666,Black,Oil seeds,36.380440668760144,38.21443151992196,23.865937834001393,14-35-14
26.622466925052912,57.00554167752088,41.44873160730517,Clayey,Pulses,37.6611897208277,39.991216048900576,24.23101518842249,14-35-14
34.34833512710244,64.21331094752395,62.88298572469,Clayey,Cotton,36.09414617995797,44.95524910294988,14.173646436991366,14-35-14
18.653235975863996,59.0591698996565,62.96756968201686,Clayey,Pulses,48.06743161595925,37.42911704914914,13.7509685249651,14-35-14
33.11457077023232,77.82395224473342,36.87699366300072,Loamy,Cotton,47.52423254647171,50.646459926752925,9.374113726863232,14-35-14
22.880854885768684,48.6623232424669,61.72257296521282,Loamy,Cotton,47.7698007624721,45.281379697758226,13.919217997437267,14-35-14
19.838481019732377,62.72754203629239,38.00337700983036,Black,Cotton,59.23816308310017,53.8375975276827,0.9671239564297884,14-35-14
24.266551092470905,47.30447575780291,56.775842346076274,Loamy,Pulses,49.630508234773885,57.7555425352578,7.022081826689994,14-35-14
25.645331980065805,64.03168595715294,38.50811573617001,Black,Cotton,58.30404298034081,37.01948034685859,9.363403811276028,14-35-14
21.579846238584036,65.75459710738784,61.45712701187982,Black,Ground Nuts,51.120964900504916,53.2901986092131,5.861221220200988,14-35-14
20.97844016970868,69.17338054035528,64.49755361398752,Black,Cotton,47.03848619241436,42.56868926178081,13.284794828460944,14-35-14
20.243710966210923,78.45407903890465,63.012622877980874,Black,Cotton,51.69932652055462,54.804228405699114,13.454859292110074,14-35-14
25.00029446725817,61.58329522360485,49.50822902865634,Black,Cotton,56.05415075153458,35.14302328854912,5.750011313709996,14-35-14
21.441857121860135,76.15402977084332,65.06662153973296,Black,Cotton,36.91818429820515,47.37928980616665,2.6597101353519337,14-35-14
22.673441737198093,70.08792008447797,55.8220607321605,Loamy,Oil seeds,43.12060274371387,53.75375703246294,0.6342872010578898,14-35-14
32.18605363886468,59.71015910189893,55.19771049211179,Clayey,Cotton,56.82371826022505,44.28798938108933,21.590575022998834,14-35-14
25.362363461236228,51.72146977456514,66.65488698110026,Black,Ground Nuts,39.952604856027186,35.5069993441855,0.645179204780777,14-35-14
29.248476032198017,55.886459676994434,46.20038462364722,Clayey,Oil seeds,43.48734787649857,36.453344775670715,17.003963668971966,14-35-14
21.78285775101659,79.98856218347322,41.00329428255154,Clayey,Pulses,54.288661432809434,37.02117004108135,5.5853136232406255,14-35-14
32.59877140624516,59.124963735736046,59.58386498891494,Clayey,Ground Nuts,48.92664831709793,42.876399232966364,21.32390284184372,14-35-14
26.251330310477357,57.38670391899006,66.20092725947303,Clayey,Cotton,39.14694811656339,49.42273838306878,3.7377159880174036,14-35-14
21.30852732351761,58.67511047891185,68.12973450425602,Black,Oil seeds,41.16543556726685,53.50373484243977,16.709017552934853,14-35-14
33.025098499083256,56.093727879430055,59.64994944577464,Loamy,Oil seeds,41.32022278245789,49.02799354469359,18.96933905634846,14-35-14
23.098057580948684,52.48436113233425,36.32240388226083,Loamy,Pulses,36.07534910950138,51.95982866014768,21.75137982773207,14-35-14
28.448927921893063,74.72267006429367,51.80934239829696,Clayey,Ground Nuts,56.76027071395751,58.167687608477266,8.986125654555979,14-35-14
22.372011312415264,64.74297225910188,53.656069652088945,Clayey,Pulses,38.44747054325835,42.86964059292395,14.781072643765352,14-35-14
34.1271546810116,67.45216291725008,65.69216261547965,Loamy,Oil seeds,51.90140012533133,47.81720180822029,8.924592303502823,14-35-14
34.32428952842444,53.87843106925938,65.62419705184412,Black,Ground Nuts,58.10194513235673,58.281665685033445,16.760387866473913,14-35-14
34.20127499268753,69.59740070080912,36.47020185965842,Black,Cotton,57.67182079547632,46.508174619445825,12.111820225829813,14-35-14
20.539537295110875,61.42081169985895,64.0894525851211,Loamy,Oil seeds,35.387061478437886,35.06136466109611,6.822929008109282,14-35-14
30.38136367839349,72.957014019012,68.08164163944522,Clayey,Oil seeds,50.21261532426966,58.10369872841747,6.3656716663223865,14-35-14
27.765284211053455,69.34740755016276,67.35107242526001,Loamy,Ground Nuts,52.809850711823046,52.82570505722742,9.20936268961835,14-35-14
31.136650457289008,50.89348544060691,61.862354172825746,Clayey,Oil seeds,53.736169698346636,56.64605721873954,13.483705121021995,14-35-14
23.888179552844402,65.97827277913856,67.80007383852927,Loamy,Cotton,39.17604453345382,53.87446832872908,17.941139658568567,14-35-14
32.641239548112104,73.45867664887953,36.16910523021021,Black,Oil seeds,37.27711037200129,43.36858829498406,1.228172347296308,14-35-14
27.04991137522869,54.36833659193049,66.90589102960959,Black,Cotton,44.206569746797825,42.50567778853466,1.1387538991338126,14-35-14
27.312796940321647,71.01547103074427,42.593012889256755,Loamy,Ground Nuts,36.5292938791486,46.04620217934642,3.8979733976613975,14-35-14
30.213505070504205,58.721033718125696,66.67253309436353,Loamy,Pulses,49.00009973072296,51.16681882899763,11.259751910148275,14-35-14
31.507389005168996,46.40045956872935,46.630846875898584,Loamy,Oil seeds,46.76361712378057,52.50468902076142,7.8629393052276315,14-35-14
19.01508538289864,79.75022017612433,37.51812257338041,Clayey,Pulses,36.15112900112246,59.232930081733414,8.825606733966385,14-35-14
24.9680302248796,67.19269714229979,35.843914376423925,Loamy,Cotton,57.4440894379797,46.67027265010145,12.986075438860803,14-35-14
34.20230201908636,59.819883107639214,41.03543777526308,Loamy,Ground Nuts,55.39273175005182,58.388638487794154,10.081510530562179,14-35-14
19.95209353926328,78.47938885664979,47.889461390579235,Loamy,Oil seeds,51.15631294142976,57.22210685209582,0.8687520433511509,14-35-14
28.940425938259125,76.57616559921193,52.792151121757016,Black,Oil seeds,45.262916009063765,53.560512796784955,21.653218807307905,14-35-14
33.982072186279055,58.38141575960841,50.644520154949625,Clayey,Oil seeds,41.399623844769465,44.113549252222164,16.51619722846419,14-35-14
20.066362932425477,49.07409979080111,42.15593834967889,Loamy,Cotton,37.10730471093534,38.683819150418465,15.500790191955868,14-35-14
18.241879803395822,72.37315051182634,63.430361939821836,Clayey,Cotton,39.05056040911099,45.83862807893399,18.488110856680613,14-35-14
28.56353833725509,51.24694260214797,61.49092626785624,Clayey,Pulses,36.19038068926379,36.796881342715615,23.97827332319786,14-35-14
33.33730293208043,45.416656409674765,52.448006134616996,Clayey,Cotton,43.750174107766995,40.63643466844147,14.508304756447727,14-35-14
28.64086162642802,59.589723382269085,56.786993854718034,Black,Cotton,40.26347867094607,49.04203473411526,8.468531573837046,14-35-14
24.329351732162507,54.80186219657948,44.579522032100854,Loamy,Pulses,39.36748378552246,39.986008425330496,8.135124058239679,14-35-14
27.925165634632187,68.49562295827307,69.65671262380852,Loamy,Oil seeds,37.26655221273346,42.08494236426485,16.68112071583099,14-35-14
28.32960079002696,50.37098912378568,42.23613260090837,Loamy,Pulses,50.54073945108034,41.629521878258075,3.2057486825943533,14-35-14
31.321851136513224,55.56436920866304,52.93516313992603,Black,Oil seeds,50.52412740692981,54.03471662762368,20.487018042515547,14-35-14
18.137439501010185,60.312130430209656,43.961557023164474,Black,Oil seeds,37.99733467862183,59.94905165239216,22.787883204179614,14-35-14
22.675925610568505,74.22016713232385,45.28615291197609,Black,Pulses,36.422537012440536,45.685570059235914,1.3123045988257476,14-35-14
22.860647507873743,59.95051882453653,38.5676831883913,Black,Ground Nuts,47.339319831724524,41.77875902943049,17.4136766071426,14-35-14
32.313575431906614,45.3627302821512,57.27647479925339,Loamy,Pulses,44.847115873540425,51.439845806096926,7.459512839036725,14-35-14
27.492665977587453,46.08831176800696,51.14904167889516,Black,Pulses,46.568998522349325,51.773972526088805,13.594962370115196,14-35-14
26.534214614795758,65.59077192832068,47.01736852456182,Loamy,Ground Nuts,51.70913066476083,42.93430832668629,5.704442928229278,14-35-14
23.917196304639383,57.12753105780108,55.84882225380903,Clayey,Pulses,59.2743832465015,49.4914490919079,24.577011148825008,14-35-14
33.311161363062794,64.95832876019668,47.809874290147754,Loamy,Pulses,55.72987852539846,35.85111265500662,9.995811483755126,14-35-14
28.409327542397676,60.34164714650238,60.43571927236699,Black,Cotton,57.37276606411665,40.11166800493939,16.854984373571515,14-35-14
22.496378846907135,50.24630033648553,38.14885476013363,Loamy,Ground Nuts,49.08459351665414,38.46939710281577,2.8440615620162952,14-35-14
22.788101164635883,66.14838286162498,63.58608478154385,Black,Ground Nuts,54.033741405072305,41.1327624496495,6.5621113679119185,14-35-14
32.95524906202367,51.99049816928417,68.15495130814188,Black,Ground Nuts,43.55768212068799,52.67801534860952,11.008794347331307,14-35-14
23.404968605015988,64.38408205537382,60.57474095270102,Loamy,Pulses,36.058373647562306,46.45167347682228,0.27998263139260293,14-35-14
29.293852954900146,52.4918359679602,50.14978873784848,Black,Cotton,39.94177342185672,37.90133648461422,13.712089643728111,14-35-14
23.025185124742933,78.07520240530386,69.56848945317222,Loamy,Cotton,46.835872580842334,53.41714689673414,20.06129363703734,14-35-14
18.99556607884813,49.9894689997229,64.34029409502672,Clayey,Ground Nuts,53.28034549990703,38.266220792416206,16.608371111556945,14-35-14
31.126589635382963,75.12106124511017,35.46309477177664,Clayey,Pulses,52.11187754696194,52.67182113858596,0.47744139008011055,14-35-14
20.52191366962253,71.81426129707955,37.39216663663919,Loamy,Ground Nuts,55.659969343615835,52.221296557516624,6.548231121205725,14-35-14
20.799394462624186,64.80362975008138,45.942971002432685,Black,Oil seeds,39.455827472789586,45.08806916268074,21.47955498527771,14-35-14
20.88807347171254,58.40729866300225,65.50658962150976,Black,Ground Nuts,44.0782177622409,58.657722480209685,23.7900890624947,14-35-14
21.014291309884964,75.19359246161612,48.746632162365174,Clayey,Pulses,35.109349557075234,49.940724829889,6.846795492634275,14-35-14
31.294582588043625,78.8789305932089,46.20193742694174,Clayey,Oil seeds,35.92951837353162,35.436703256975065,9.021665049503438,14-35-14
30.792024255913553,77.79809393372736,38.060717952911034,Black,Cotton,48.94751947026273,38.47647814484824,6.3470211531007985,14-35-14
22.111500100100685,72.93774135558047,50.15760768005978,Loamy,Cotton,57.9381181807587,53.60759293343415,11.25310681588097,14-35-14
21.872612847118553,51.97725451306402,49.890091798972094,Loamy,Ground Nuts,53.887366425355374,52.215732247513586,15.12678712951917,14-35-14
26.184400881279295,46.55383427392645,63.61363455853422,Black,Pulses,59.747304055996864,35.274091328288584,10.171976565616772,14-35-14
34.84011466358116,60.578886215204484,57.19450838033811,Loamy,Ground Nuts,38.168041773816924,41.73025144689055,18.325605371591454,14-35-14
33.013262059566785,78.96933802097854,49.860023564412494,Black,Ground Nuts,55.8700666988625,56.18935074475657,1.3337248637465189,14-35-14
26.308004862657235,76.14872967980367,64.58680278772448,Black,Ground Nuts,42.4236273988393,37.487273341559316,19.787209558618937,14-35-14
29.482745506395258,48.075321582617995,58.907806071594734,Clayey,Pulses,49.512981916909254,42.271598378242466,14.86375252862612,14-35-14
30.96309690491834,53.98847183560337,50.61917881334645,Loamy,Cotton,52.36972496496962,49.86370956529143,1.9904062831859441,14-35-14
29.631888085096435,57.94748333569805,50.71429209223439,Loamy,Ground Nuts,43.24923284861734,38.26526900090331,20.204206179719396,14-35-14
28.792214651646695,76.04173535372615,49.91810103926675,Black,Pulses,43.306976759799916,37.47182572190757,22.518145253099586,14-35-14
23.088895200239513,78.59212436182115,57.15740134527874,Clayey,Pulses,48.85484241538495,45.436863901954155,17.633908408885514,14-35-14
32.65015527641903,51.099753747547624,56.765868736163775,Black,Cotton,35.62427251085328,59.649007552883745,9.987661881514107,14-35-14
33.386498097600494,75.42690377675743,43.31945661071801,Black,Pulses,37.02969467626078,43.409217797092744,15.678459851527936,14-35-14
18.546035853152848,49.66897323121213,59.02302814704252,Clayey,Cotton,40.30926638256244,36.46477219275339,21.43969189406004,14-35-14
34.97552422424617,60.157663590537744,59.60379822406252,Black,Ground Nuts,39.56657622142534,53.152651709235464,15.246718374638442,14-35-14
32.09125090358992,66.11961524652992,48.619305336526054,Clayey,Oil seeds,48.94105983357896,39.138382317346654,14.419021185898107,14-35-14
23.838319996331382,59.031595290269415,61.63887059698403,Black,Ground Nuts,47.063460186666816,42.341910333960904,23.507903830981608,14-35-14
31.378265778143707,64.11086076622627,54.14598512485567,Loamy,Ground Nuts,36.33350407512959,41.768343310543315,9.964991567961395,14-35-14
34.9583197685811,56.33668607971207,52.99304062077458,Black,Ground Nuts,56.99201761624485,37.731538914771434,8.881680451433338,14-35-14
26.3034937141295,62.59742987701901,56.74200506114637,Loamy,Cotton,35.08841559258062,44.03627711936354,23.27827938922123,14-35-14
20.959857208064996,58.235306465236135,63.13802357716182,Clayey,Ground Nuts,54.99979181388837,45.0807368170199,23.39492102238632,14-35-14
26.623038438528468,73.14079763316958,59.93897031965489,Clayey,Cotton,44.19757313215689,41.31106157569919,8.416845856342311,14-35-14
29.729473206409324,78.99906470130261,37.9288345886694,Black,Oil seeds,57.53060057444473,44.82397016591706,3.152567399685233,14-35-14
33.40632202454376,62.72300857408008,55.79366233963988,Black,Oil seeds,52.70368336496393,38.03777923844165,20.818966711317856,14-35-14
26.181694558697487,60.77181987878591,49.83649131989494,Loamy,Pulses,47.73028963115107,48.70509431980379,23.62626383486509,14-35-14
21.06493222046589,70.34475925914217,63.42838385130615,Black,Pulses,51.97822078337155,49.12031952715456,15.173057005663509,14-35-14
31.9679921517965,49.28010524132098,64.70056799608074,Black,Oil seeds,45.35171548601106,56.74421420034815,6.342420749895269,14-35-14
31.742199733005883,54.21912641845456,35.13752624977762,Black,Pulses,47.386479822573605,53.85939888812274,2.5057064160721065,14-35-14
25.54197599225914,48.046174778204396,45.03307369565384,Black,Oil seeds,54.5372560814643,51.17898902817393,3.7896977975579866,14-35-14
29.557224915881243,73.38575912522793,38.81400702563705,Clayey,Oil seeds,41.268295650051364,52.87764034045223,22.363471306014777,14-35-14
29.2840345140689,59.49701940066252,36.559482106617864,Loamy,Oil seeds,54.611038551768225,46.820111602818116,16.967830905383845,14-35-14
23.71471430474668,55.30126104809326,65.5478713777805,Clayey,Oil seeds,54.924691368974635,38.26836848644625,12.87449526620862,14-35-14
29.15587583694971,58.476443324414404,64.27656170830899,Clayey,Ground Nuts,58.7488752333051,44.43863557488893,20.140923131872956,14-35-14
23.97450844900162,50.84850307179718,36.16876217030501,Loamy,Oil seeds,44.6429178190255,40.97466469389191,22.588982592432046,14-35-14
34.48695334909769,45.875143949770724,62.5023752637814,Clayey,Pulses,43.03424889352176,57.94506350523959,0.9371989217414833,14-35-14
27.380247823336823,54.59189726003417,37.28174807646418,Clayey,Oil seeds,36.24806214158448,36.7841753472345,2.8889174709084697,14-35-14
26.254625438818294,57.00122319721429,49.64291185462025,Clayey,Oil seeds,58.223668389315584,52.89191200306442,22.76879531845368,14-35-14
23.434016468989622,58.3388264102899,56.47992636489798,Black,Cotton,50.590648682431606,45.01644621094883,12.042495950308524,14-35-14
25.39466336409677,70.4552367033849,44.43465926383608,Black,Pulses,37.50423315593325,45.07432000308486,8.810775638818516,14-35-14
22.28641843129909,58.34430016811665,52.5328542112463,Loamy,Pulses,58.77865578513533,45.73302917344263,19.052711667435936,14-35-14
20.86485006644391,60.957354851179595,63.48390650345465,Black,Ground Nuts,44.5173883919336,57.295122152127554,13.462416268626493,14-35-14
21.66817493952572,46.5258222627408,45.68936858400302,Black,Ground Nuts,52.39505787064451,36.925799999602845,23.77780502440666,14-35-14
33.030502620757275,71.18508441860993,69.72870027044513,Clayey,Ground Nuts,44.91982203664133,39.30779593243624,10.401272628419234,14-35-14
27.838206180034046,57.74997504531914,37.811075678083576,Loamy,Ground Nuts,57.174676738082994,53.71460867508832,4.9589117062333266,14-35-14
31.819382122797585,49.143889449967894,61.462506357761654,Loamy,Cotton,37.45297184751281,53.35010876499011,11.172894696423583,14-35-14
22.856304810394292,75.26684472322691,65.97917623176761,Clayey,Pulses,36.12338631131816,37.936798506821475,4.202264633824382,14-35-14
34.49319131320664,64.30793370766598,51.38393366592244,Black,Oil seeds,59.6116843273154,51.52794818363812,13.923903246518385,14-35-14
24.495952696661817,65.80432843331755,37.44250244001627,Black,Oil seeds,41.39707215111938,35.39733482850009,4.920293736507678,14-35-14
24.950342249326162,52.21511560980574,49.09637665616047,Black,Oil seeds,36.89900717412292,41.318566718711324,17.385178714732643,14-35-14
32.699204936128154,62.270549774895855,55.025140722524014,Clayey,Pulses,49.235817077371365,39.81324788595349,10.262327863533544,14-35-14
20.159956511080463,48.63558265975837,59.85507631587762,Loamy,Pulses,40.2209255112996,46.880686675043506,7.669318783820808,14-35-14
30.045845126104986,66.82011277051764,57.5538656798653,Clayey,Ground Nuts,52.851358266386434,43.05833279501184,7.315318185586634,14-35-14
23.22685694156994,79.47282541398022,63.49181742475004,Clayey,Cotton,39.11636720640074,36.069581706181694,0.13985389704673779,14-35-14
30.158765092989412,46.283940188808984,50.02620149989618,Black,Oil seeds,53.86178687505593,58.39678229911145,14.577507115769992,14-35-14
32.2650672528048,76.84014091677216,52.82358376760063,Clayey,Cotton,52.35686866089657,49.132223998849554,2.795009280848429,14-35-14
25.339187045452388,67.19176779073518,43.99450782488234,Loamy,Cotton,36.30462644491903,35.553988388613035,0.25584641021893784,14-35-14
19.876035961483883,53.38210500995454,42.742752996380474,Loamy,Oil seeds,59.66991485449742,38.18551958398498,7.65015263022358,14-35-14
24.529953491144077,52.674299555740305,45.68387701851551,Loamy,Cotton,59.382351285751156,52.8047932063301,17.610138604064378,14-35-14
30.44567228698576,70.87705165343567,58.09107564423213,Black,Pulses,40.710907399946876,56.15691136674063,10.575904477054623,14-35-14
21.109194129596386,61.45871449809917,65.52104071950033,Loamy,Ground Nuts,40.62600997610498,38.31455450452948,11.91988059750958,14-35-14
22.93957969681674,54.72368231468832,58.352651370771056,Clayey,Ground Nuts,57.396356425213256,48.18505717925146,14.448743521196072,14-35-14
30.16276824111688,69.58045168732617,68.84329873168467,Clayey,Oil seeds,42.50480460764161,45.851631529940725,18.911136909188293,14-35-14
21.773915765322585,57.00040588345952,62.065803456915894,Clayey,Cotton,49.26144788219652,45.75464666946283,2.310572922626755,14-35-14
33.461794379565895,51.59708174785235,63.2083538932119,Black,Pulses,38.265612076914785,41.083597087253075,6.05589150189518,14-35-14
21.38330076425478,72.54362544448932,51.163228690686694,Clayey,Pulses,59.977269194932774,53.49257836119545,20.977287466302634,14-35-14
28.77851667428557,74.52782897849741,44.139439657650954,Clayey,Pulses,37.44258027752687,45.86725981658965,15.398300177166718,14-35-14
26.954713491310784,57.64839140479399,56.91208360049902,Clayey,Cotton,35.764209183690745,58.11772480113926,24.24728354704408,14-35-14
33.11818030507971,75.82620019759663,61.518016581104035,Clayey,Oil seeds,49.0867618453213,48.299293362412456,3.0000687404222015,14-35-14
22.64120392418054,66.9257278879839,63.97770136981499,Clayey,Cotton,52.686369793322534,49.61520898887896,11.987015779775017,14-35-14
31.355501818316945,70.43116675321819,59.55217154352771,Black,Cotton,52.90922637785109,46.854004362953134,11.360243782036598,14-35-14
18.565328322614338,53.437286561631325,40.4097402327459,Black,Ground Nuts,57.16112528493143,38.46106586163851,6.8742341613237254,14-35-14
21.683672942991677,50.940320391175554,35.005521060231985,Loamy,Oil seeds,52.95594987453211,41.09597749239851,2.7774302211497623,14-35-14
28.95675201539154,65.98964477787607,47.251361548508356,Loamy,Cotton,46.10161228551328,54.89247581678718,1.608092430832142,14-35-14
25.828964629318396,61.82172567658254,54.624910870296134,Loamy,Ground Nuts,55.44691594720225,51.5765762282298,17.29702615459374,14-35-14
19.63124783409203,59.07029650778015,68.50608979516932,Black,Oil seeds,59.88870188220631,40.68787407686612,18.262453652522957,14-35-14
33.75147095741124,66.115775743613,42.11038780164888,Clayey,Ground Nuts,57.990085485535914,59.7296041091524,22.873297544257408,14-35-14
34.962334592941104,53.564016584314544,64.47873548197319,Black,Oil seeds,55.57570771989411,37.46093872502477,5.7735089805183435,14-35-14
30.53435965482265,60.76543483990766,46.32354699623486,Loamy,Ground Nuts,56.4163253951578,47.95005840991461,14.8403304142346,14-35-14
31.8649133839999,69.01256043979518,50.400221150977345,Loamy,Pulses,44.48246981680469,47.94767901600715,19.291623456817554,14-35-14
33.136779414369386,77.05617221578461,44.720047373420044,Clayey,Ground Nuts,39.697248756812854,53.784294263387565,6.532184008420947,14-35-14
23.679312696103402,54.535625438809106,54.22044917765837,Black,Pulses,53.04632901332781,38.28926779697316,24.834319704004372,14-35-14
32.35421335062264,74.57199297563886,46.523521756725195,Clayey,Ground Nuts,37.19882520921823,44.00329219434686,17.624258345180145,14-35-14
32.401676769052834,55.84154971405172,41.86754779096034,Loamy,Ground Nuts,48.703001624545465,56.94395855481832,11.32536875950471,14-35-14
30.780582056818044,48.324532574205925,46.226754490759504,Black,Oil seeds,44.67888485134958,38.953316142984114,15.56484491406725,14-35-14
18.48151407829947,69.33476154785936,63.26258837898381,Clayey,Cotton,51.58892298896403,37.58233668881608,3.7840237847985874,14-35-14
24.825776321138232,60.01842242199564,68.87300863600527,Clayey,Ground Nuts,53.09806677982664,35.47748199604287,10.294693480193917,14-35-14
29.641662825979555,74.32085658312174,59.76959203423893,Clayey,Oil seeds,45.147193815118136,59.18504075588074,0.7783934482642391,14-35-14
33.95601058901404,56.09308510224549,57.900721253691955,Clayey,Cotton,37.000814244148415,54.34198366198127,6.058245286343475,14-35-14
33.775474050379756,60.0062992919474,65.44343280348731,Black,Oil seeds,46.22388593695594,58.99585953497192,24.48120696754963,14-35-14
33.060702397085656,74.66639809754773,42.3738139064647,Black,Oil seeds,50.607260019581744,55.91776801458654,1.8170578897453715,14-35-14
19.203849923557996,59.00766834385839,55.19227485098752,Clayey,Oil seeds,56.372923963994275,45.98731281424659,24.356063138043414,14-35-14
30.7349648434398,64.78106396783781,50.67619706955621,Loamy,Cotton,42.73172196980474,43.46699011142577,12.559963196088392,14-35-14
27.2461928403749,75.68967209539392,54.024037012730474,Black,Pulses,40.95656033349825,48.9304761232511,21.27729705580361,14-35-14
28.599632769255777,57.52008677298497,64.5541964302223,Loamy,Cotton,46.33249346616357,37.38840519090593,18.16103395268542,14-35-14
29.539288802026398,53.11458047924882,38.78651682080136,Loamy,Oil seeds,51.02291936610189,57.478632211125415,13.079576687955399,14-35-14
26.66785895720885,73.3787188243353,50.297732896511626,Loamy,Pulses,38.09701413238905,58.80753461502766,14.111046041345332,14-35-14
27.83791101076812,67.63819811221839,67.56967094624504,Black,Pulses,45.708569860874015,59.431039125011225,8.284853473565935,14-35-14
23.49174093851624,61.2323209076323,49.52773451527297,Black,Oil seeds,38.727391966785845,45.10781078049397,23.945483095331475,14-35-14
25.501179899330015,68.48893744310526,36.133138204604286,Black,Pulses,49.655966800747365,43.66601079907982,13.844414064981207,14-35-14
22.911543368664802,66.96036526887528,54.81650945110813,Black,Pulses,50.30374554033476,41.82571989189648,13.731281784447358,14-35-14
20.330014620121883,74.71748062162223,56.576777548943554,Black,Pulses,39.6627753126015,56.82589003815342,4.430234495530988,14-35-14
23.953219897424354,49.153537222513144,36.01432065874917,Black,Cotton,37.82173544117055,52.173901730694766,10.781144779506924,14-35-14
32.44448022581912,60.31654700584225,68.88798178366102,Black,Pulses,58.8538917360925,58.31013740366545,19.331905566670375,14-35-14
33.224914229850086,53.27658010782073,47.08970700618795,Black,Pulses,53.823251650121534,55.93318584561295,10.614030955163928,14-35-14
25.71550534664589,65.82389250695147,69.087920425064,Loamy,Pulses,43.18868177346232,41.73392295451235,23.078597192921443,14-35-14
29.39448267606906,61.22290181254928,56.46866498222617,Clayey,Oil seeds,41.81327922600517,37.83886359608734,6.854346437786665,14-35-14
23.910419604971494,71.69994172637301,56.27899086593568,Black,Cotton,37.56461400827552,50.034190674751656,21.305913124397772,14-35-14
29.39315294599053,51.131120229646335,51.58241768077378,Loamy,Ground Nuts,51.212439938680106,35.3727566038702,0.7066175262494423,14-35-14
22.278295395773004,60.034219323223645,52.06041658159259,Loamy,Cotton,38.45069022344742,49.90345154241337,16.83478947789577,14-35-14
18.232218018399966,47.71767703736518,48.70931714287938,Clayey,Oil seeds,38.8493587791421,50.70456511275888,9.420490153699271,14-35-14
21.9299900133357,57.03378719405633,56.49109194570277,Black,Oil seeds,56.521375701086214,48.83500067083537,18.830335968471932,14-35-14
24.205871718210695,75.77960585925386,36.373525161419124,Clayey,Oil seeds,59.699566110506524,52.02844247680976,16.609385271289057,14-35-14
28.293997673151626,61.96723210316564,38.70226174129235,Black,Ground Nuts,41.948050269233974,48.74971039664882,22.25786140534128,14-35-14
19.235596649293786,69.9942534590807,59.59977881886114,Clayey,Ground Nuts,50.35109017431409,45.84461005518432,12.75656615551623,14-35-14
21.967722679382913,77.94406724621767,55.60780852130803,Clayey,Ground Nuts,42.77981110885941,55.14211972192231,11.241996272128931,14-35-14
22.978205581824426,68.78278079577944,46.04212222687784,Loamy,Pulses,54.81254204653665,54.06715426136522,3.2613371794340207,14-35-14
32.650857994480425,77.68363058825487,66.28832911933915,Black,Pulses,54.40704160045732,41.61917934361886,17.95682080404568,14-35-14
26.865306569000122,75.1680432053347,52.20994007215252,Black,Ground Nuts,38.19356908856723,51.94682801171663,0.12431213305872935,14-35-14
23.62636937409362,50.914025251326166,51.33503628413658,Loamy,Cotton,37.507161811972644,44.48029765589086,8.402712230528579,14-35-14
27.355023894113202,54.494400526911186,56.522696227100155,Loamy,Pulses,59.429693478310455,40.3031349680485,2.782858036938754,14-35-14
34.4664348608808,72.01334216944984,66.43802176069906,Black,Cotton,43.342871211894824,37.57082040160393,24.800961844464865,14-35-14
33.76350279351877,48.17048751411356,38.96995993610445,Clayey,Ground Nuts,35.82935394389435,40.23549542000702,2.6126890660681026,14-35-14
29.059944772984096,52.441866227722755,48.11628206616328,Black,Oil seeds,35.19516736222226,43.06670343774298,17.342095374280124,14-35-14
34.26436967454587,55.48133495316547,69.65832594305614,Loamy,Cotton,50.81820965018916,45.919447075531444,6.052216657137624,14-35-14
19.164628644806392,50.901128148388985,62.69542110243809,Loamy,Ground Nuts,51.20932689295154,39.190549268885036,14.245636933303343,14-35-14
34.33258186296625,46.43104841217343,37.73111547288494,Clayey,Cotton,57.118112582864114,50.44836138778234,20.388806350803208,14-35-14
26.292829190729183,79.64536194132627,42.48730046749012,Black,Oil seeds,45.446404663053286,54.12778776099624,7.295579689349182,14-35-14
22.97157283695573,47.8486610821544,35.40014368352714,Black,Oil seeds,45.686263331062136,59.70974696599657,10.258439858394272,14-35-14
22.35911228278215,76.19303043610137,52.18737823787525,Clayey,Cotton,49.97939088026445,44.57291018324435,2.391717760705317,14-35-14
23.23247684431472,55.11522171570622,51.39883158254912,Loamy,Ground Nuts,59.72948083169583,43.19873920803715,22.219669167905433,14-35-14
18.29157857184244,73.70537805399768,65.79293200591718,Loamy,Pulses,56.430008358113355,46.549987684105204,9.376359672138404,14-35-14
24.789720916740364,61.114938782831054,66.74410025739675,Black,Cotton,57.34969184393118,57.12762462726301,24.15242660219774,14-35-14
28.904834489647733,47.38831890860643,44.54080002329949,Loamy,Pulses,49.457690736764505,51.36580064792738,17.515345460188474,14-35-14
19.761265782682386,49.50053845259457,38.19950318693919,Clayey,Oil seeds,39.455860581733056,55.77093127897882,17.212194782788984,14-35-14
31.484904530646475,50.25537754643563,58.0906036291265,Clayey,Oil seeds,43.089440100987794,51.54794325394816,8.530051809803837,14-35-14
31.804565981441897,50.45714783819895,62.64818944184634,Loamy,Pulses,36.60588120143552,51.403742862579136,4.8513470061401245,14-35-14
22.295553671568932,56.451706204011955,53.799226190035895,Loamy,Cotton,40.289320162232556,54.34091612514402,20.27890653968764,14-35-14
25.885105440882747,72.11897183291174,46.806533588619516,Clayey,Oil seeds,50.827670567943294,50.21721901323295,1.2553280364393182,14-35-14
32.11991652694567,57.440731225316746,44.85438519548685,Loamy,Cotton,56.02222441778713,44.91521998335862,1.2536005767952552,14-35-14
22.841606362242366,76.91140162005169,61.28249377308528,Clayey,Pulses,36.59807910479847,48.18247832821985,17.867186235873852,14-35-14
30.716919174497974,48.2037291118982,44.09128276359016,Loamy,Cotton,48.78725738378342,35.39435974428615,11.29331462190104,14-35-14
29.93961628746075,63.86555302238684,61.642714346272896,Sandy,Oil seeds,88.42951355597886,18.447751341624727,2.9989051937047986,10-26-26
21.491361581698065,60.491957820984254,69.4835076201741,Sandy,Oil seeds,50.14864401087936,13.455009785245508,6.514947159294405,10-26-26
25.83964939408649,50.634875330387786,61.62117004355743,Red,Oil seeds,57.59147109738306,14.414099085565171,4.6718053600863865,10-26-26
17.046799433581896,44.29764656664781,62.61210765841802,Sandy,Oil seeds,60.80383009134582,10.018711191189448,9.80997755602786,10-26-26
15.022348768320649,69.86031334891526,68.60007875590753,Sandy,Ground Nuts,77.62154232462262,17.52424136445301,13.662628452832992,10-26-26
26.316453515897948,49.27819906746075,62.82240206963592,Loamy,Oil seeds,67.6929761346484,12.940261935320626,13.910478277803737,10-26-26
26.080601757478142,46.60654672769364,42.52067115501483,Red,Oil seeds,66.97455154725388,7.957434645833391,0.39026555644323113,10-26-26
21.385010858168705,74.27725085133625,52.15603507889873,Sandy,Ground Nuts,60.609099815144845,12.77522089206532,3.2345232766885306,10-26-26
25.477010116423337,45.43059226284223,63.06693271036805,Loamy,Wheat,83.05076956698505,10.493674372955148,1.0631158379773158,10-26-26
28.289278521795314,40.539530812678876,72.6744192216409,Red,Pulses,62.021070289539836,5.658270993426864,3.741836614590027,10-26-26
22.222754760156185,50.11105547809794,46.88873288828131,Loamy,Oil seeds,80.48923158568677,19.44478951049226,24.752744593372928,10-26-26
19.161752344006267,47.61830566230784,45.467802979561455,Red,Ground Nuts,72.05322198769204,17.63756651657843,15.135009298833605,10-26-26
19.969666291817504,51.56088518888963,67.26058141769352,Red,Oil seeds,63.97790563134514,9.35840384241849,5.315579740482826,10-26-26
29.11236133870311,69.85889862049628,48.79001200667518,Red,Pulses,52.590887981008066,5.288215646585343,18.47068593377949,10-26-26
16.090299288035517,47.91943546654523,71.71609113318543,Loamy,Wheat,82.17585787660808,8.397846127667238,5.17712062219276,10-26-26
16.260934714843682,74.72601000569433,66.22375804979356,Red,Pulses,71.68386036793275,21.001928992193104,19.13746251013249,10-26-26
15.281170637927902,46.538276436667445,66.19621208471324,Sandy,Pulses,65.03037391215852,16.63511981595635,24.562066276527673,10-26-26
18.424590187978495,70.2384959840258,52.85409223260901,Red,Oil seeds,89.58259232951227,12.908495470958165,3.9422168018286823,10-26-26
22.35492217026861,56.38294210656763,79.45423182022964,Red,Pulses,67.01232601204613,1.3634915168787676,15.101802514976589,10-26-26
26.01885683265224,54.14070360019848,40.64678159818079,Red,Pulses,73.66675282374015,0.03009034772544772,0.3164457121040548,10-26-26
18.213290144687424,46.716064240133335,66.13086263330975,Sandy,Ground Nuts,52.14788751757497,3.735797553550477,7.835139036863908,10-26-26
26.25000763036573,65.23975487596653,50.20924867674262,Loamy,Wheat,53.56999006546336,10.653788711268094,1.9670914235474457,10-26-26
18.70139358219942,48.98595604695423,44.035552084234354,Red,Wheat,74.22281095575721,16.073280204019,16.99682184867937,10-26-26
22.100937003536295,58.38755689657613,44.587572712430344,Sandy,Ground Nuts,89.66856915149748,15.874741539911257,7.561695674621149,10-26-26
28.346567466724835,50.284293446768615,70.2370937998895,Red,Wheat,65.30006922742938,16.817813162169255,10.279024146158728,10-26-26
26.336732814049505,71.49578321999033,51.4063611804027,Red,Ground Nuts,86.02466928407797,16.488257975749516,3.2715881485844673,10-26-26
23.40881098706502,50.88192101017624,60.14930981232936,Red,Pulses,56.47093425538813,2.467022937096935,9.23302360529189,10-26-26
16.718300370319625,68.06721372895939,76.60307061115225,Sandy,Wheat,80.2637573605652,5.412264181652934,20.560557750406932,10-26-26
26.63455221806525,58.68194798512084,66.67939445878184,Red,Pulses,59.347628617723814,9.771896225895713,12.241105295475402,10-26-26
25.634459475282313,57.33253174350412,51.00696107610332,Sandy,Wheat,68.94741041613486,20.041444070201596,19.382450459937576,10-26-26
22.951713167802787,60.15123737213468,55.400614854224685,Sandy,Ground Nuts,55.06225371976953,13.258318901740857,9.640514934652296,10-26-26
30.908616592928553,67.20667057607156,46.07970245778709,Loamy,Ground Nuts,56.96728826611712,18.454543180522943,2.512368980993851,10-26-26
26.037126458245503,42.859638586078006,45.415143840444046,Loamy,Ground Nuts,56.22704502167902,18.385350637675078,15.760543704223078,10-26-26
30.990821363706132,47.05965950852546,52.39089938896196,Sandy,Ground Nuts,59.61291522979323,22.866627685593734,8.969039186653443,10-26-26
27.549262254516485,57.15417326443737,41.154316533444984,Loamy,Pulses,52.567819439912576,17.969725870500643,13.448075781697144,10-26-26
27.27246275786917,68.37330207192294,56.47589913448445,Sandy,Pulses,79.8567693137642,16.9587657363755,10.100748758211498,10-26-26
20.871743255081135,54.3864273201114,46.624802376406855,Sandy,Oil seeds,58.16292233607228,22.9261397538619,17.334875064959444,10-26-26
19.8466914895109,55.926809668284854,51.626013174614734,Loamy,Oil seeds,59.34316332487465,0.19612303101557982,18.39961221892699,10-26-26
28.494035719505817,49.317990021111385,64.13166042448069,Loamy,Ground Nuts,76.75600422474471,11.146240854967942,16.375617410127248,10-26-26
29.65908668856011,45.57576187881776,59.35445401162481,Sandy,Ground Nuts,58.73692514652238,13.964335542706651,15.073690767265106,10-26-26
29.676159752367113,63.0934662100821,68.84820499847774,Loamy,Ground Nuts,56.026389528306744,4.176004090500459,22.07914194939044,10-26-26
17.176937354446967,55.41257227890854,75.50836927009239,Red,Pulses,60.09790078439438,21.15166050188555,9.34383551057383,10-26-26
27.77747869198671,47.49000173026402,68.65959453330302,Sandy,Pulses,59.1044231456709,13.997153903168433,24.682849555266525,10-26-26
17.01282693040555,48.77295930145493,45.589626382574174,Red,Pulses,65.60682861086892,18.32305649076423,7.103396605134963,10-26-26
27.8268962262346,65.2570372601645,45.63540482281595,Red,Wheat,85.08109085046549,19.931475641202688,4.524326599450057,10-26-26
20.58062899048857,45.53837419359748,46.70457024586518,Sandy,Oil seeds,76.47562218803601,3.0521355412808178,13.760759698678013,10-26-26
16.229279771137456,66.03185715807405,68.47528340917157,Sandy,Ground Nuts,52.33723963418301,2.1169038810672474,14.006751889924324,10-26-26
23.625213025102106,65.70307175368708,44.833618053358364,Red,Oil seeds,58.8513626365983,5.451919551528825,8.181498629238307,10-26-26
25.684422311514055,46.04297875413396,50.34560946549286,Red,Ground Nuts,68.72243451181858,14.716091742901542,5.826252463115389,10-26-26
27.71751921695315,63.324931495211956,63.30885903935115,Loamy,Pulses,69.51791637028259,22.36776138567164,4.664096490866493,10-26-26
16.552250918828733,66.25053127300433,47.02462137324665,Red,Oil seeds,64.87583998164703,3.4266985635112017,0.7071232072744932,10-26-26
27.35591689618802,67.76594962399656,66.83929365078073,Sandy,Ground Nuts,76.79333355265155,12.851069741955104,16.6840449372952,10-26-26
27.413319524746434,50.452610475535955,61.71608525910477,Sandy,Oil seeds,67.33422480871525,24.36724801131158,6.915556927342529,10-26-26
20.084093263350333,52.57073785218836,68.70813446837347,Red,Ground Nuts,74.45222068221547,9.403682750262254,4.4633226134928705,10-26-26
22.12962724546262,46.23961829127143,76.97720367137049,Red,Ground Nuts,80.49275046775904,17.001525707670915,12.033895802696307,10-26-26
17.31496042014671,48.76305677474422,61.7080498902658,Red,Pulses,81.96041485409435,24.60045375490901,0.9063723860381845,10-26-26
21.10692939056929,50.245355324392015,46.974268306034865,Red,Pulses,81.66295635720111,10.341118871134954,23.885354118652412,10-26-26
29.00455946239558,56.83678946167114,66.9610471650453,Sandy,Pulses,67.39936716681852,1.4511584254625953,13.96808520531381,10-26-26
15.898018956230324,68.59797314218773,72.9978771784223,Loamy,Ground Nuts,59.483091502248584,12.032759463957332,8.091569525895007,10-26-26
19.885012249613943,60.73702416211738,51.91148292917195,Sandy,Pulses,52.219628842842425,2.528776447960715,0.06318874579772371,10-26-26
31.34433231051673,54.943816974842676,60.50735813799771,Sandy,Oil seeds,55.873926762937046,3.616372550174421,13.775783817003925,10-26-26
18.326875168151673,66.75973013199857,40.94009691273296,Sandy,Oil seeds,65.01988965286483,8.811886039892485,2.7687126957627264,10-26-26
21.346184832089087,54.613298213763564,52.02364491123674,Red,Ground Nuts,76.26487797892517,10.014884352631809,22.97130128147274,10-26-26
19.602286889331715,69.89002882237291,62.86558893080591,Sandy,Ground Nuts,68.2004412922783,11.24318270809455,3.7409180377231674,10-26-26
31.033773173506937,70.9424538295506,43.356101673127924,Sandy,Oil seeds,70.66613957044972,10.269427238107266,5.626458637866802,10-26-26
20.889672224832026,51.867689693541024,62.62528771171715,Loamy,Pulses,61.65833670631588,16.342066641428385,2.931794238847765,10-26-26
30.837337622920707,74.04024461808166,71.24467384836056,Sandy,Oil seeds,55.588097131676086,9.999001834561849,21.327795605918112,10-26-26
24.03155608433421,69.00121467770742,57.02022931358755,Red,Oil seeds,52.47175242960083,4.28226386669183,13.920592772061772,10-26-26
24.410499495233427,71.75429994851862,64.98340980604699,Loamy,Ground Nuts,62.109175087588284,12.539466247661405,7.402365422834278,10-26-26
28.510398792516735,73.69592051198957,42.87544491408815,Loamy,Oil seeds,60.733042758573546,18.776979847560906,2.00519269534315,10-26-26
16.698067405959314,59.65852724848452,56.459388484766336,Loamy,Ground Nuts,78.60405355049869,10.633364898511319,12.175384792506824,10-26-26
29.857966197422414,71.05518506220653,40.43863664225789,Sandy,Wheat,85.451829790056,0.9743090992105768,6.787105437496463,10-26-26
19.818951272487105,71.47993877608464,71.63282627258309,Sandy,Pulses,73.27950083801434,8.146102270623192,16.73675009796498,10-26-26
21.83863783613785,66.76318943302357,49.757302552408646,Loamy,Oil seeds,83.55384063350151,13.304249021404523,9.397071341624914,10-26-26
26.581345713176873,62.59614394956196,68.46430910420116,Loamy,Oil seeds,86.72445355042245,15.33103014498346,6.212842730537771,10-26-26
15.201539984574147,44.38553137421382,52.999675810543536,Loamy,Oil seeds,72.59999884727662,19.77785295503599,22.03686941740679,10-26-26
26.18516407803004,65.1202789160222,62.3219590251795,Sandy,Oil seeds,52.26459892538894,7.132443022255705,4.2470718790206226,10-26-26
28.550305711566857,63.85864769256757,48.26356448690369,Sandy,Ground Nuts,54.419352802640745,17.38761090038821,20.737266825122724,10-26-26
18.217808704460182,61.11707378591137,41.25287140888639,Red,Pulses,54.75356537575838,11.093456935279109,7.797253745110614,10-26-26
17.03898312557811,65.40627812042725,62.78877626133942,Sandy,Pulses,71.34967923110659,24.4135776586141,11.310862377938749,10-26-26
26.007631875821033,44.77279788479345,63.575237520366954,Sandy,Ground Nuts,72.7104490192432,22.08466217622556,24.27512959099105,10-26-26
16.931240281057654,70.38519530389661,45.16362646913224,Sandy,Ground Nuts,75.31728714175955,4.021337453732146,18.001954016950055,10-26-26
15.891828379503899,50.26431300099905,76.84633975736466,Loamy,Ground Nuts,56.86924651607477,11.091954991386485,1.6317498112581874,10-26-26
16.30343049346093,52.4437377830643,75.99099338237305,Loamy,Oil seeds,54.726221997778175,19.460515288392596,7.766712647798665,10-26-26
29.14966339077091,43.905838756707944,76.82216685518891,Sandy,Pulses,87.39647178060835,0.8468866101687511,3.882825503667658,10-26-26
15.734632892349971,74.10111730215449,40.686919626494785,Loamy,Pulses,87.90606612324356,0.252260125547038,9.216935596228618,10-26-26
31.66918516853302,73.79690029931574,46.437480448096736,Loamy,Ground Nuts,57.2499122426462,15.93262066070811,14.138472865491503,10-26-26
15.614595229201916,51.24974472340847,70.54204936237541,Sandy,Pulses,88.40824828745893,6.162908110242876,6.903410407579846,10-26-26
28.798626294261595,66.12839887563314,62.398356102512665,Loamy,Wheat,75.25558726457913,10.814356625083764,6.0524739331586,10-26-26
30.03510557235884,43.93940775779305,67.18962231425483,Sandy,Oil seeds,60.41132788660094,7.485319506165819,11.88943524296166,10-26-26
19.426681231387374,66.34775224184035,54.62863428716189,Red,Wheat,79.05428070856331,13.681151052507182,11.401748252600319,10-26-26
31.58948534884101,52.84718594988329,48.307363815903905,Loamy,Pulses,86.47167761466409,20.860571146108615,4.370982232889331,10-26-26
26.198313681865905,45.268928464258764,76.92343276957718,Red,Wheat,72.60033130611325,3.5080693740898727,8.23184597850219,10-26-26
26.9853405927698,53.473280937499155,49.84376544381776,Sandy,Wheat,73.0963779317527,4.145155900757308,10.44554632092799,10-26-26
27.026853833771533,74.11351634306897,49.32376283448225,Sandy,Ground Nuts,80.9259440332596,9.539397976304542,2.19016756126163,10-26-26
21.863461069783813,70.18331345834959,47.24251596463858,Loamy,Pulses,71.7694703044167,15.634940747010317,23.763759298593907,10-26-26
26.110532334268278,69.37798022382617,77.77951519380974,Red,Pulses,60.91686910130947,12.099768758313498,4.241527031417972,10-26-26
18.862251304097676,40.14355076505585,53.71740463346821,Loamy,Pulses,88.75437341871154,10.033136098530598,17.374186515146167,10-26-26
31.585597298199463,70.1875364312582,72.3919331749506,Sandy,Oil seeds,55.12070834566663,5.363505530082163,18.879681856206513,10-26-26
20.98635422052414,55.00267442725503,72.96811646249017,Sandy,Oil seeds,80.64891272016185,14.139007336451021,9.37480362366474,10-26-26
15.309393066567896,68.07623348335653,77.87584101368168,Loamy,Wheat,51.282580859366846,8.612850139150503,1.1395246769545646,10-26-26
23.1476933649961,65.50487397814226,62.67596940127271,Red,Oil seeds,57.857276362909616,17.121361979472898,16.370282500758943,10-26-26
17.495547255409832,64.23176577184032,76.45708875412589,Red,Pulses,70.06256613282537,4.268737355528956,9.04499199657641,10-26-26
21.702188372290106,72.37088551436923,73.91033192523105,Sandy,Oil seeds,65.06559407188783,0.6793509073480364,14.347857723656562,10-26-26
27.074638425677243,63.72688310461933,54.134778381670046,Sandy,Ground Nuts,82.34432127637825,11.531763328806791,5.895901297496778,10-26-26
20.79388507079029,73.41331353938085,67.86736134060405,Red,Wheat,71.56797341309206,3.9824023117774137,12.762877334716213,10-26-26
27.95348565815161,49.19849960935296,41.809185236808595,Loamy,Oil seeds,50.07490975676674,6.036605704980403,8.766232073850466,10-26-26
18.051980972392336,44.35746143937817,76.59513522469481,Red,Oil seeds,55.61068853836676,14.827648877804114,13.441211599691979,10-26-26
16.683959381671794,51.15794266126929,42.05081329852613,Sandy,Pulses,65.82679656385264,14.040813332109495,4.7149732817898,10-26-26
24.04603762348001,55.19828438139885,55.493336834267694,Sandy,Oil seeds,83.66767072388015,18.35545848822172,5.4842016266317515,10-26-26
22.126400123602487,50.40552097289738,58.82165944183901,Loamy,Ground Nuts,53.72855703570794,2.790079986297295,1.1482508057272494,10-26-26
23.57100594574673,69.71978226563928,49.42569327998748,Red,Oil seeds,87.40648042987112,23.97261512113013,23.872697723375087,10-26-26
21.18502569356125,42.54393688509181,62.75274927065979,Loamy,Ground Nuts,72.34725775748934,24.89977627365263,21.249394177739887,10-26-26
20.86846852767633,46.50655990446934,40.19199299269483,Loamy,Oil seeds,70.36454769955517,20.623461995434937,13.887966667564895,10-26-26
30.579961927322962,61.982921680000246,73.61344952884332,Sandy,Ground Nuts,55.932069392309884,16.87859636109621,21.383403257557866,10-26-26
18.225980488482186,72.42752166654775,41.288614418014916,Loamy,Oil seeds,68.50139773182825,16.6269359999607,7.8368822483525395,10-26-26
21.126428066461685,54.941573056299305,79.27671138005657,Red,Ground Nuts,81.35666038716812,10.969055516290743,22.430103273294787,10-26-26
22.001678911569677,65.06321712410298,44.377216193439175,Loamy,Pulses,60.818764224660356,10.80869345845329,1.1658975115397596,10-26-26
15.419282701066184,63.63632343825081,77.29983498054958,Red,Ground Nuts,59.47711446044729,24.37754752750501,17.340871018191205,10-26-26
18.993796281495435,43.511586862422405,45.93130151583664,Loamy,Ground Nuts,78.08142673928569,16.855914040704974,18.14397188633189,10-26-26
17.886207975888077,60.32663821832886,59.34721783031466,Red,Pulses,79.15336588489214,8.465992367161709,11.034001967140536,10-26-26
18.59499544084569,49.301123166533145,43.79321755376405,Loamy,Oil seeds,63.87428043715558,4.66034617915817,0.914245309073955,10-26-26
18.308778556883553,46.44687853821327,51.51278453504602,Loamy,Wheat,59.9362242098742,4.669432665901752,17.119885053753826,10-26-26
31.769251284440006,55.13338473347011,65.67492435181745,Red,Oil seeds,88.77486710919494,10.465175232326235,3.4409749510341063,10-26-26
30.849196606662957,61.04326202856168,45.73682410160893,Sandy,Pulses,86.0588633579062,8.821946208302963,4.361164154773564,10-26-26
22.603956177834675,67.65580355758324,72.08577512409938,Sandy,Pulses,78.78620293112456,14.121127555428789,0.5532168605395404,10-26-26
22.558629081046227,73.07276158778888,72.95242087521405,Sandy,Oil seeds,75.52620261947322,16.308656189578453,1.5606295920628344,10-26-26
27.363119432689643,52.23786831617832,43.71380346122482,Sandy,Wheat,70.67202378762497,13.410738647458945,5.336197033151057,10-26-26
25.468473385723552,62.18259468407508,61.64121156251246,Sandy,Wheat,87.09062530525637,12.818080026838805,23.297567110515082,10-26-26
22.812979099950546,46.52952692684655,65.45377261272357,Red,Ground Nuts,70.00369343128932,4.941194527990383,2.5825119453319973,10-26-26
30.08901284222059,59.82367522208841,67.26140000833882,Loamy,Oil seeds,63.56114198975639,11.184495565951686,14.285284826105856,10-26-26
24.714457075194296,48.59256338596151,66.06315711921008,Red,Wheat,83.29047082689924,16.98768312320956,11.4829626274658,10-26-26
15.657314551409021,46.41957033115217,75.7412000727252,Loamy,Ground Nuts,87.55568589460077,23.031203708192365,19.510990997779434,10-26-26
19.2110865202438,53.4505065646182,42.21367994201812,Sandy,Oil seeds,82.39486476165311,20.600732310915244,24.60438712787693,10-26-26
20.01979349821015,46.91942609902532,54.5625148718664,Sandy,Wheat,76.67878118192826,23.35149550211215,11.17653888852059,10-26-26
16.740810471369283,44.60338283599985,67.04956741200444,Loamy,Oil seeds,59.23073559921417,14.783953558158828,19.77574692529378,10-26-26
23.13767555717005,54.212670232846165,74.92637436757619,Loamy,Pulses,51.28649899908201,16.302067071993584,22.39609726166975,10-26-26
28.81084222853236,56.676912274934466,74.1091986111419,Loamy,Oil seeds,59.88580280121173,15.480198125745575,0.4391363925991737,10-26-26
28.701704012518896,46.275947048868204,72.52471167875919,Loamy,Pulses,87.61854075314271,13.24715784950472,8.392353557759602,10-26-26
22.333212758596034,55.6087844641542,52.34430726541746,Sandy,Pulses,74.29425533910975,15.67290698284739,4.629126135405065,10-26-26
16.085042590065132,51.562519104467135,49.24561368039391,Loamy,Ground Nuts,85.5596655422533,4.4153423143530715,1.373836346715665,10-26-26
23.178142244407052,41.60482064311456,40.29009712060578,Red,Ground Nuts,89.52271767844599,9.13515327253892,16.470867508970954,10-26-26
19.531352047722876,52.070582429262345,65.96177869072855,Sandy,Pulses,85.31247195469483,21.009037634632968,4.6032505770296215,10-26-26
18.654867801002652,41.30113508173761,45.632474483719975,Red,Ground Nuts,86.69212581856202,1.9416465444588389,11.485968665459465,10-26-26
29.942869231897053,66.41388823038494,77.33891167790232,Red,Pulses,58.805176833430565,17.249779908857654,20.90923232525216,10-26-26
28.547496617624706,52.12732721118888,70.97594148069022,Sandy,Oil seeds,60.498252119395616,2.697642930574404,8.214804075701371,10-26-26
19.947057177804787,58.22178628100082,55.6533134586477,Loamy,Pulses,88.39712482334006,19.463645535567224,8.37622927346206,10-26-26
22.40531045717642,53.2360135058526,69.90983283730512,Red,Ground Nuts,86.51583921224936,5.67815913979664,18.873293326805957,10-26-26
28.902996523647754,55.946377583594966,71.98962574851356,Red,Wheat,75.90330177083914,6.342357377212799,0.09032331335596666,10-26-26
25.51768494510351,42.2956802632623,68.20319712735167,Red,Oil seeds,71.74144390589039,7.301138952447878,13.144482670457142,10-26-26
18.103036367147457,52.638305505256746,70.11477778014282,Sandy,Pulses,76.31113628952714,13.24747939512519,14.52805999822639,10-26-26
22.52200575888981,45.440830225476006,63.83766382922818,Sandy,Ground Nuts,60.021776970852805,11.781267915588204,8.346051608584645,10-26-26
16.56294491065424,64.00752272478769,57.15879922870029,Loamy,Pulses,84.59160887999582,0.20252354118306115,17.366800091104988,10-26-26
16.593322723015177,67.3326612926673,79.66030753114008,Red,Ground Nuts,71.24795176966046,5.9328540223687884,17.06948750485326,10-26-26
29.553620648018523,45.85980317111879,50.62142422455048,Loamy,Pulses,67.8173470114412,9.397098869891845,17.806222296100348,10-26-26
28.852739254412587,72.45664153109038,68.1117743927201,Loamy,Pulses,59.80615784418974,0.8086321979724392,12.641643577109454,10-26-26
30.80974131328029,59.31128090288429,71.85383101918596,Red,Oil seeds,63.30618003620205,12.37380334262479,14.816466197136165,10-26-26
27.708768812919878,65.56899210238026,41.85413077737118,Loamy,Wheat,71.98678676014765,23.196056665154863,11.674786347545371,10-26-26
19.587168705948603,54.39711871085251,49.73478853625504,Red,Pulses,55.16735671234998,13.956913110097895,21.43537116627002,10-26-26
29.86305031027436,42.087385462007006,52.70922186470559,Red,Pulses,89.64606580592748,3.278905599131468,10.558196977574882,10-26-26
31.730373999709514,46.546493983355006,74.59215234960683,Loamy,Ground Nuts,65.61693304775567,6.567440797422542,9.534211612167862,10-26-26
19.5561527226488,41.88219168665682,76.97488185439853,Red,Ground Nuts,76.46882689570914,17.932267036764266,22.16556625040979,10-26-26
29.60912382079796,43.55502502756315,53.88112101302544,Sandy,Oil seeds,71.53010985379062,5.4110770852917875,20.282221348650996,10-26-26
21.793854202396908,46.61198497517934,70.35945761773931,Sandy,Pulses,53.63595605898191,1.5968945965472103,12.869184351886073,10-26-26
25.218305583108673,59.46404395205246,56.186216716186664,Loamy,Oil seeds,67.16191975888464,11.397064710602573,5.669238833769164,10-26-26
21.730489562965623,65.142191358226,64.49060914919505,Red,Wheat,61.423507191762255,16.389147523924333,16.339055548950622,10-26-26
23.19242867021204,73.90320196013582,66.88594747729628,Loamy,Pulses,56.149801279831436,5.106618958325135,3.3306686996088324,10-26-26
20.021409065290474,40.748609633627794,77.76697454022647,Red,Pulses,56.78853665579643,5.928290059583075,0.23895465370171454,10-26-26
31.533911553372644,42.03832239487374,46.24709321763949,Sandy,Oil seeds,54.21250236359236,15.15025184367858,17.08540330734273,10-26-26
15.976199149838166,62.38816944162893,62.80481940460227,Sandy,Oil seeds,54.51612844242463,4.9737427417997635,22.722742611842854,10-26-26
30.04628966323012,60.2816246742798,49.87395621193005,Red,Oil seeds,62.369940705005654,7.456428909412116,22.14368834297081,10-26-26
31.83280860834189,74.99358517769372,61.33918993077326,Loamy,Oil seeds,83.06223187144391,9.366822246049555,24.756246698029987,10-26-26
23.210207174683315,50.436905435282526,73.80429196021649,Loamy,Wheat,74.08617224505818,10.198384276357409,11.34832404357476,10-26-26
15.687460130615243,71.2477674747231,79.93212622935833,Red,Wheat,57.25948499434794,3.5894365862148807,3.0095741193654932,10-26-26
24.235726508607797,60.20590716089251,68.20068849613955,Sandy,Oil seeds,60.587795857446004,16.85057366504082,5.547890567832564,10-26-26
22.719054080297475,57.24661483996815,55.25347907660672,Red,Pulses,57.41072702790939,8.43893133901125,8.882906608133867,10-26-26
26.46957430683483,73.88822932341597,45.76653040697313,Sandy,Wheat,84.92068439764327,14.784319250035141,7.104450009756561,10-26-26
21.7002651280813,47.06298534697666,42.821371809492874,Loamy,Pulses,80.91217971446963,15.222621525750949,6.242026608483125,10-26-26
23.01102368395801,70.67232395595171,57.75179363918915,Loamy,Oil seeds,61.396344921670604,21.539107106248913,22.40038807404056,10-26-26
15.441337312016657,43.149494472236725,51.46189594215268,Sandy,Pulses,88.89039206966842,9.33154330073172,13.962903829020625,10-26-26
22.703317635134493,51.03335199403574,77.6487811498263,Sandy,Pulses,83.98070664770712,12.807118576255327,21.091709385486023,10-26-26
18.04900710749738,60.06280351446853,79.35383691390183,Sandy,Pulses,61.63833722071847,12.261960180201681,19.85880823119188,10-26-26
31.910699873161878,59.99246636108737,58.90452834536558,Sandy,Oil seeds,69.83743338193517,8.516909224254022,20.229532437720128,10-26-26
27.84984710873691,42.55443088648193,74.60676632573035,Loamy,Oil seeds,67.20810785871879,18.936903981495878,14.53232438764121,10-26-26
30.13534154145107,74.27287402898138,59.770974456244986,Loamy,Ground Nuts,87.47749460130693,22.35594574088821,0.02821556317456897,10-26-26
20.295422220369232,47.983110266947875,52.680556046036074,Loamy,Ground Nuts,58.5393833479454,22.47559318033416,22.646727657749295,10-26-26
27.717874099718905,47.75823450805859,48.79698192157497,Loamy,Pulses,87.88908109386844,24.76164330153941,23.853843177979446,10-26-26
25.731918309656425,43.48815647444042,77.01546857301369,Loamy,Ground Nuts,72.33879862920276,5.1572953768090875,6.255112176588545,10-26-26
22.218835908635963,44.74393545817929,56.632656503809045,Red,Ground Nuts,55.95081712936471,19.631050542158956,16.420188038097233,10-26-26
26.560966872533253,72.84325579794213,65.53486118282432,Red,Pulses,64.5663279273553,21.513130651800925,11.237003966872889,10-26-26
24.813761172498232,63.673634929295204,70.5399630172682,Sandy,Oil seeds,62.72827183984349,23.870980241913994,3.646478350228757,10-26-26
18.127106103405527,56.26194748039906,40.5463134570432,Loamy,Pulses,69.26729289820769,24.44308779681609,1.3959555219118598,10-26-26
29.634792100429422,57.09241170984201,41.07391737662665,Loamy,Pulses,78.31857627353585,13.278669084275307,9.717452445665064,10-26-26
19.364542168757797,48.4092636464262,50.52770016720358,Sandy,Pulses,63.52431965038811,17.430491520214737,2.683849366152491,10-26-26
30.744477703599955,47.54902098684548,50.225681172351,Sandy,Oil seeds,61.880809152432654,10.690162186050745,19.2134524252854,10-26-26
28.342513110048404,72.53216479686134,70.2641662041622,Sandy,Pulses,52.07644678676252,23.45181491763528,20.93203184247646,10-26-26
17.129549100251907,61.46456442642871,47.97834663536638,Loamy,Oil seeds,60.500385636503964,24.441692942476507,18.639608455571448,10-26-26
29.459935986978206,40.31093313400898,41.46526559398477,Sandy,Ground Nuts,73.86897349303453,22.243945374328845,9.724577540010978,10-26-26
22.344867467568807,58.47682192410488,50.9215533154499,Sandy,Wheat,86.33979469813178,10.603890227975423,11.613339616452429,10-26-26
20.303632828014273,68.61128705788363,44.89091410885398,Sandy,Wheat,57.31154133459599,21.0611872701927,23.771041654293366,10-26-26
31.55371964000533,53.900337498002216,63.95960362524106,Loamy,Wheat,59.66171250863911,1.8529793596489514,12.261488128937199,10-26-26
22.968469955964824,53.953075063144425,45.47521278767311,Loamy,Oil seeds,77.50405715682935,9.891170529917812,24.822587272481613,10-26-26
31.370591020196258,69.10372403564064,58.54208893210743,Sandy,Pulses,79.49957937839677,12.802596386594981,3.2033760062631007,10-26-26
17.739782694234737,54.91983171890872,45.24058217734458,Sandy,Oil seeds,77.95940432697942,13.278615814116595,11.406001101333388,10-26-26
17.376118238589406,60.419540234104346,79.40038991317786,Sandy,Wheat,53.85002332950903,21.73647791344719,7.143285714144532,10-26-26
29.890057263238173,58.35000941811629,56.33067095705704,Red,Oil seeds,62.387222574058235,7.645064561236969,7.427928953196047,10-26-26
20.632045078167998,57.514813527138685,40.570845382545784,Red,Ground Nuts,86.15608025134885,8.061031770415909,1.1086053140584806,10-26-26
25.93403648678823,70.87743441360597,56.08601904779715,Loamy,Oil seeds,52.66488349469846,8.649312195175648,12.90127055854482,10-26-26
23.2553414059464,56.31665805544368,66.18339200765841,Sandy,Pulses,54.13990014374271,22.974483137509964,6.337654723125366,10-26-26
15.655965413739032,40.622929885233226,57.60521673095202,Loamy,Wheat,60.11841977830516,18.106019670335314,17.08401987183407,10-26-26
26.84116338059418,60.88586019729678,44.90960218698482,Red,Pulses,88.52458637539519,6.37204891027959,3.0718894973538164,10-26-26
25.516148345518722,69.33522078817249,60.6294475349618,Loamy,Oil seeds,65.0797294146654,0.9063079378698713,23.046137488694622,10-26-26
27.068233850810806,60.377031526505064,47.92434858686297,Loamy,Wheat,51.96235414985058,13.117283535481741,2.7131947639472105,10-26-26
20.68917388111652,53.26933687468276,77.3658566018445,Red,Pulses,58.52052336130304,8.585252845000449,2.5937356143837906,10-26-26
25.64331394795424,54.55284037793492,78.59010131327322,Loamy,Pulses,79.39985753178293,18.615786096351208,1.5465356095823446,10-26-26
26.055496492995893,47.36689927024305,67.85768836150231,Sandy,Wheat,62.39118266591184,8.422845914786512,21.82515769888912,10-26-26
22.298827317303164,70.15714121859416,46.02929629185881,Sandy,Pulses,61.15350334310433,5.271946015183804,2.3373090395997442,10-26-26
30.59976424566907,42.73383910629047,57.09660480750838,Red,Oil seeds,71.29594748907653,24.94240546653034,22.46732634505402,10-26-26
31.5034468396735,67.54853963875559,78.52810563885666,Sandy,Ground Nuts,78.29082903777821,10.048004674816912,1.9940856362767767,10-26-26
20.962214660722267,49.56843713398225,63.095970685323636,Sandy,Pulses,87.3400750680974,19.230780088535944,0.874546837903839,10-26-26
31.38720823160088,72.57489278163902,70.48930248176771,Loamy,Oil seeds,70.81635058730394,13.63089295813936,5.106688830837997,10-26-26
30.226376614844185,67.63992032236922,47.81067740764216,Red,Oil seeds,73.98745256912238,0.23014168476607477,8.304336488283926,10-26-26
16.924751048868636,69.4951693238814,50.34025008591248,Red,Oil seeds,61.38791875550222,9.477168076221304,23.998414294972108,10-26-26
19.82538452188432,44.175485321063434,44.11234246943416,Sandy,Oil seeds,53.09949160542998,4.733693090746466,14.831486754384432,10-26-26
21.030236700279623,40.95208780504165,62.127339690309185,Loamy,Oil seeds,58.46003842319149,22.761790654282102,7.175077637729965,10-26-26
19.57323683115507,60.94616153868232,48.066857394699824,Sandy,Ground Nuts,52.97582743056739,23.788226134406408,0.5226588600067167,10-26-26
28.5991185209705,74.33212048625911,77.26514813653759,Red,Ground Nuts,79.47652794550064,8.421249923384416,17.349676745482984,10-26-26
24.75328332224879,60.16886532810073,78.08949141662976,Sandy,Ground Nuts,67.70283226646838,14.374265684918045,17.27019060765171,10-26-26
25.065093231833586,58.9040848276987,59.75623975637422,Sandy,Pulses,70.53691734593899,11.586943280766695,4.099699298971762,10-26-26
22.12289265027393,68.51786604309916,75.52711641513531,Sandy,Oil seeds,59.79242960243603,19.20912481731501,14.35924310597535,10-26-26
17.705800547507117,40.52808105737432,57.96948523103663,Sandy,Pulses,67.28411589646512,20.830544284287512,13.79753046237931,10-26-26
16.70073583531019,72.68983783368358,44.41657578697779,Sandy,Ground Nuts,75.38282034136944,16.996937180577206,16.810157339889393,10-26-26
20.61586656000486,59.20369063022889,47.983499832003936,Sandy,Ground Nuts,50.81241871333405,11.631964300300183,14.053611362714392,10-26-26
17.493909789172218,69.4323713106448,45.848859538421095,Sandy,Oil seeds,85.65374419520094,13.745131484317369,11.238029314892575,10-26-26
20.09852182411014,46.3639448684403,57.83006483277815,Red,Pulses,59.77468914110827,6.881446611107911,13.196097788507927,10-26-26
25.32451806838134,40.00842344100158,72.21894938719299,Loamy,Wheat,63.208493469045834,9.576570303361684,8.005199603873928,10-26-26
22.515032076701793,62.002244129939584,45.871228865431696,Loamy,Ground Nuts,88.80657858096343,6.2551776794595755,18.2401571770966,10-26-26
24.77543275644787,43.821614874123014,47.12785707152504,Red,Wheat,51.652325676858595,13.792618814880875,20.230951791867028,10-26-26
17.1478633344794,56.94160565861327,61.01045386871755,Loamy,Pulses,78.07794003922021,10.873638260184368,24.248430261177287,10-26-26
21.288810078032082,68.94233681384014,46.25268885596952,Loamy,Oil seeds,63.752516145403575,0.392373383561162,18.124270121884773,10-26-26
25.90460176683007,46.50832343002816,52.10842276497085,Loamy,Ground Nuts,69.44180297932917,2.650679748884471,10.550589149242178,10-26-26
15.752976249895577,66.24099647479864,42.8569108436463,Red,Wheat,68.69183212100317,3.527444910723132,4.385282291385276,10-26-26
22.69737282382082,58.04197182855523,45.335379741713595,Red,Ground Nuts,89.17582921064958,11.47103349006958,6.444147171555578,10-26-26
23.396684972642277,66.46058038628138,60.84408057177981,Sandy,Pulses,61.42595482872221,18.973360155676335,6.209915218348453,10-26-26
21.289430404899782,45.301895082885984,50.31903317177928,Loamy,Pulses,56.10732929939809,18.297604975325797,22.169312713560668,10-26-26
18.815228782424064,57.85793895197182,60.83332825790289,Sandy,Wheat,73.61614902615625,24.322549279917656,1.5021289305682861,10-26-26
25.869645060351026,70.5505650018494,56.37985113382207,Red,Oil seeds,56.780806413178496,20.812236860486212,18.915062457346366,10-26-26
25.316134291533466,70.12549957858296,40.61659833793631,Sandy,Pulses,54.28943207078094,17.815117106368326,2.314401676302469,10-26-26
23.43819433192722,56.54474145227012,52.428140942329634,Red,Wheat,84.81620679768399,8.811569609980996,4.2608300469999,10-26-26
15.517179344685832,63.553264008622904,72.65590905446282,Loamy,Ground Nuts,87.29071355352669,7.984602920842129,21.907416012287122,10-26-26
16.31398938355792,49.0254501241803,43.768895149900295,Loamy,Oil seeds,62.607491606158554,8.679170991857315,21.879680336468223,10-26-26
22.367474417953993,56.062078350455735,78.78288207346233,Sandy,Pulses,61.846178730554314,10.501566739486176,15.683111738079283,10-26-26
23.318624137612012,68.4670165165788,43.95011874726754,Loamy,Ground Nuts,52.78367389585236,19.110002784732654,3.8407880098316665,10-26-26
24.60530207140388,56.38792414324213,75.53303258810487,Loamy,Wheat,80.6679129533393,20.331557533766357,20.29855628254513,10-26-26
19.52981696799041,54.14672469653382,68.07422042602481,Sandy,Wheat,51.55218096123781,1.1569969872311874,23.928104892139004,10-26-26
30.204427678953984,58.357121565703316,45.4798731447587,Sandy,Ground Nuts,72.60583882227775,21.44397394517778,15.715803997571243,10-26-26
31.7687758002501,55.45273601512099,60.7273976937244,Loamy,Ground Nuts,70.87262805533022,12.943516427611556,13.485858887198402,10-26-26
15.029321975867292,43.4183211344143,44.062264137167155,Red,Ground Nuts,78.19587635819184,22.36785261889032,5.122900812899994,10-26-26
31.590186744230277,72.8678456710457,50.875532876740984,Red,Wheat,70.3910737881405,20.15524137931083,4.386374254923525,10-26-26
29.471910268057755,55.16784320438922,70.34695538747124,Red,Pulses,53.90316678305078,18.83091035771902,1.0061192654812672,10-26-26
31.924337500572676,43.40389755494363,74.22510726140935,Loamy,Wheat,69.19932262115967,20.42818205425362,20.678754887596927,10-26-26
19.718162764447467,69.11530545256218,43.8214243744658,Sandy,Wheat,54.450449892378735,13.520307062060882,22.533084354069295,10-26-26
18.829911161663254,45.81960289337379,73.39817048930561,Loamy,Ground Nuts,64.34493628092996,0.6992974318839745,11.37581547804986,10-26-26
17.921187467587576,52.535140324059256,47.71737745171181,Loamy,Ground Nuts,58.155459018420956,12.225434508664856,4.676420900659509,10-26-26
18.935790160182954,73.24736883699191,41.107595470351015,Red,Pulses,55.57861854660726,18.445870967458713,14.2583106550312,10-26-26
21.03608793480303,74.22916417735387,68.15410740531384,Red,Pulses,83.25563364268316,5.898002761834592,1.0061718547051013,10-26-26
18.10422376739873,42.55147454482015,49.00366658378721,Sandy,Oil seeds,71.3454252494817,19.350523074127025,17.393631208917633,10-26-26
22.27576492761405,44.277405425487856,57.24801545778688,Red,Wheat,67.3590339648118,22.320765656580985,12.455292167806093,10-26-26
25.82425436731866,70.98925630267358,67.13874466018493,Red,Oil seeds,82.754198430523,13.130456290772516,14.094457524603165,10-26-26
26.736418717734196,72.70813764415277,68.55768319307016,Sandy,Pulses,51.47174897188874,20.23953255678215,9.447141019318098,10-26-26
21.29277704581841,69.44179195569178,74.55239501206052,Red,Oil seeds,54.931455973042,8.106247390965377,21.144711667967183,10-26-26
24.162356029059158,63.20688523076422,69.61858603778921,Loamy,Oil seeds,67.6352439047432,20.23746053903903,22.20777055372831,10-26-26
22.790196312882962,41.315051004561354,59.69025625515778,Red,Oil seeds,85.93782136576732,24.564811800264696,4.761253890187972,10-26-26
27.067106468795103,63.70059852728123,63.4810352773505,Red,Pulses,78.82681292996529,21.132202700503242,10.547638905483012,10-26-26
22.760699864270435,49.50931156592407,54.07620223034643,Sandy,Oil seeds,53.772506058509904,24.581440274039245,10.703201267753542,10-26-26
29.334385407602646,73.32204464040237,71.60438049068378,Sandy,Oil seeds,76.3838730823526,1.891117016433741,21.41461110568644,10-26-26
31.817356056456,66.93600529531562,78.48301512148893,Sandy,Oil seeds,81.18537424533916,17.663240807579776,21.872049186053605,10-26-26
28.943730508625812,51.73258396891029,43.81850714799314,Loamy,Ground Nuts,81.39996697694335,12.310269667884297,11.364587639380236,10-26-26
26.23521591696177,59.293446134291614,48.26691751156304,Sandy,Ground Nuts,63.61326033756827,23.121806385835253,14.9219821834043,10-26-26
19.89440037475721,65.74673422159597,71.02076322095238,Sandy,Ground Nuts,82.3529239993118,0.262699952489695,14.269057118787002,10-26-26
23.95371910174797,72.43494958577207,41.264600450849684,Sandy,Pulses,80.93568898515089,0.95384014838443,1.3013099591826782,10-26-26
16.072277963830434,67.62003829525192,61.18252374593349,Loamy,Wheat,51.161551306390976,15.316713243486985,1.0125171620479878,10-26-26
21.921806055515045,65.41790271545969,44.40232801750486,Sandy,Ground Nuts,74.39462191604383,1.4499663614257141,11.08266983424351,10-26-26
25.554861188465622,73.92347456603133,47.89153234868274,Loamy,Pulses,88.04362718268305,16.7989035123728,13.458487258750406,10-26-26
21.46979100342782,66.92827012621105,68.27644060395961,Loamy,Pulses,51.605575526616406,2.206954824210236,13.664856587431116,10-26-26
22.736524323808933,52.161021270250785,65.138713991472,Red,Pulses,51.71588043974287,10.81877172777499,4.272632248606839,10-26-26
21.65774325121489,68.1316243208168,75.45326632989463,Loamy,Ground Nuts,59.946751339902804,11.469746632258945,20.909776507157638,10-26-26
31.752753207079532,68.86806270019585,79.77013276346145,Sandy,Pulses,56.72763137713019,12.584448823605982,3.5960668486964664,10-26-26
17.90802157306698,70.11507338309899,61.28053914653454,Loamy,Ground Nuts,66.4376733288259,15.87384282430723,15.051341823176129,10-26-26
31.998175333985838,52.737185188156644,42.46170587639585,Sandy,Oil seeds,84.09292699102062,20.408962730402255,24.825466980307805,10-26-26
25.640896941730666,72.28139523773265,41.4295420690987,Loamy,Wheat,80.66895451816805,1.239624263100056,16.76775570835189,10-26-26
21.638766860634696,58.34253562773465,76.59263903059923,Sandy,Pulses,88.93516783100469,5.321269273997845,6.554097760219984,10-26-26
21.453045533830483,41.68707847160429,66.89094068806887,Sandy,Pulses,89.46187061227135,17.932401939335698,22.794909968959573,10-26-26
19.0704815878067,46.539715680865044,54.21846561022581,Sandy,Ground Nuts,59.42068911166142,15.41824838438514,6.11098614929233,10-26-26
26.511768900032042,73.17613807011631,65.53911666452956,Sandy,Oil seeds,80.06626708841485,8.267569709982775,18.789510382070947,10-26-26
15.935815370901645,49.87210878095954,67.58172734630392,Sandy,Oil seeds,86.2673255459317,0.6462165960018362,23.969956554768657,10-26-26
20.482452712063793,69.50346798822903,47.211818427871215,Sandy,Oil seeds,52.51593030427437,21.473134713267324,9.458885601567188,10-26-26
23.01325864692534,73.46907193095834,57.349115315839114,Loamy,Ground Nuts,81.42507217151991,21.924720774349638,23.547763621286997,10-26-26
23.432508202310252,52.1708923803574,55.994347805488616,Sandy,Oil seeds,64.43227304983004,11.303476378061186,20.658980254375102,10-26-26
17.421873517480847,62.422362246204294,70.91826849402835,Sandy,Pulses,75.52438084815799,5.735299780865158,14.70136914617039,10-26-26
